Workbook

Sheet cpus
A1: Producer | B1: CPU Name | C1: Processor Number | D1: Brand Modifier | E1: Intel® Core™ Gen | F1: # of Cores | G1: # of P-cores | H1: # of E-cores | I1: # of Threads | J1: Max Turbo Frequency (GHz) | K1: Performance-core Base Frequency (GHz) | L1: Efficient-core Base Frequency (GHz) | M1: Processor Base Frequency (GHz) | N1: Cache (MB) | O1: Processor Base Power (previously Thermal Design Power (TDP)) (W) | P1: Max Memory Size (dependent on memory type) GB | Q1: Memory Types (MT/s) | R1: Max # of PCI Express Lanes | S1: Supported Socket | T1: Processor Graphics | U1: Graphics Max Dynamic Frequency (GHz) | V1: Intel® Optane™ Memory Supported | W1: Intel® Turbo Boost Technology 2.0 | X1: Intel® Turbo Boost Max Technology 3.0 | Y1: Intel® vPro™ Platform Eligibility | Z1: Max Resolution for HDMI, Max Resolution for DP, Max Resolution for (eDP - Integrated Flat Panel) | AA1: Price
A2: Intel | B2: =TRIM(A2) & " Core " & TRIM(C2) -> Intel Core i9-14900KS | C2: i9-14900KS | D2: i9 | E2: 14th | F2: 24 | G2: 8 | H2: 16 | I2: 32 | J2: 6.2 | K2: 3.2 | L2: 2.4 | M2: N/A | N2: 36 | O2: 150 | P2: 192 | Q2: Up to DDR5 5600 MT/s Up to DDR4 3200 MT/s | R2: 20 | S2: LGA1700 | T2: UHD 770 | U2: 1.65 | V2: No | W2: Yes | X2: Yes | Y2: Yes | Z2: HDMI: 4096 x 2160 @ 60Hz DP: 7680 x 4320 @ 60Hz eDP: 5120 x 3200 @ 120Hz | AA2: =IFERROR(VLOOKUP(B2, Prices!A:I, 9, FALSE), "") -> 689.99
A3: Intel | B3: =TRIM(A3) & " Core " & TRIM(C3) -> Intel Core i9-14900F | C3: i9-14900F | D3: i9 | E3: 14th | F3: 24 | G3: 8 | H3: 16 | I3: 32 | J3: 5.8 | K3: 2 | L3: 1.5 | M3: N/A | N3: 36 | O3: 65 | P3: 192 | Q3: Up to DDR5 5600 MT/s Up to DDR4 3200 MT/s | R3: 20 | S3: LGA1700 | T3: No | U3: N/A | V3: No | W3: Yes | X3: Yes | Y3: No | Z3: N/A | AA3: =IFERROR(VLOOKUP(B3, Prices!A:I, 9, FALSE), "")
A4: Intel | B4: =TRIM(A4) & " Core " & TRIM(C4) -> Intel Core i9-14900 | C4: i9-14900 | D4: i9 | E4: 14th | F4: 24 | G4: 8 | H4: 16 | I4: 32 | J4: 5.8 | K4: 2 | L4: 1.5 | M4: N/A | N4: 36 | O4: 65 | P4: 192 | Q4: Up to DDR5 5600 MT/s Up to DDR4 3200 MT/s | R4: 20 | S4: LGA1700 | T4: UHD 770 | U4: 1.65 | V4: No | W4: Yes | X4: Yes | Y4: Yes | Z4: HDMI: 4096 x 2160 @ 60Hz DP: 7680 x 4320 @ 60Hz eDP: 5120 x 3200 @ 120Hz | AA4: =IFERROR(VLOOKUP(B4, Prices!A:I, 9, FALSE), "")
A5: Intel | B5: =TRIM(A5) & " Core " & TRIM(C5) -> Intel Core i9-14900T | C5: i9-14900T | D5: i9 | E5: 14th | F5: 24 | G5: 8 | H5: 16 | I5: 32 | J5: 5.5 | K5: 1.1 | L5: 0.8 | M5: N/A | N5: 36 | O5: 35 | P5: 192 | Q5: Up to DDR5 5600 MT/s Up to DDR4 3200 MT/s | R5: 20 | S5: LGA1700 | T5: UHD 770 | U5: 1.65 | V5: No | W5: Yes | X5: Yes | Y5: Yes | Z5: HDMI: 4096 x 2160 @ 60Hz DP: 7680 x 4320 @ 60Hz eDP: 5120 x 3200 @ 120Hz | AA5: =IFERROR(VLOOKUP(B5, Prices!A:I, 9, FALSE), "")
A6: Intel | B6: =TRIM(A6) & " Core " & TRIM(C6) -> Intel Core i7-14700F | C6: i7-14700F | D6: i7 | E6: 14th | F6: 20 | G6: 8 | H6: 12 | I6: 28 | J6: 5.4 | K6: 2.1 | L6: 1.5 | M6: N/A | N6: 33 | O6: 65 | P6: 192 | Q6: Up to DDR5 5600 MT/s Up to DDR4 3200 MT/s | R6: 20 | S6: LGA1700 | T6: No | U6: N/A | V6: No | W6: Yes | X6: Yes | Y6: No | Z6: N/A | AA6: =IFERROR(VLOOKUP(B6, Prices!A:I, 9, FALSE), "") -> 329.97
A7: Intel | B7: =TRIM(A7) & " Core " & TRIM(C7) -> Intel Core i7-14700T | C7: i7-14700T | D7: i7 | E7: 14th | F7: 20 | G7: 8 | H7: 12 | I7: 28 | J7: 5.2 | K7: 1.3 | L7: 0.9 | M7: N/A | N7: 33 | O7: 35 | P7: 192 | Q7: Up to DDR5 5600 MT/s Up to DDR4 3200 MT/s | R7: 20 | S7: LGA1700 | T7: UHD 770 | U7: 1.6 | V7: No | W7: Yes | X7: Yes | Y7: Yes | Z7: HDMI: 4096 x 2160 @ 60Hz DP: 7680 x 4320 @ 60Hz eDP: 5120 x 3200 @ 120Hz | AA7: =IFERROR(VLOOKUP(B7, Prices!A:I, 9, FALSE), "")
A8: Intel | B8: =TRIM(A8) & " Core " & TRIM(C8) -> Intel Core i7-14700 | C8: i7-14700 | D8: i7 | E8: 14th | F8: 20 | G8: 8 | H8: 12 | I8: 28 | J8: 5.4 | K8: 2.1 | L8: 1.5 | M8: N/A | N8: 33 | O8: 65 | P8: 192 | Q8: Up to DDR5 5600 MT/s Up to DDR4 3200 MT/s | R8: 20 | S8: LGA1700 | T8: UHD 770 | U8: 1.6 | V8: No | W8: Yes | X8: Yes | Y8: Yes | Z8: HDMI: 4096 x 2160 @ 60Hz DP: 7680 x 4320 @ 60Hz eDP: 5120 x 3200 @ 120Hz | AA8: =IFERROR(VLOOKUP(B8, Prices!A:I, 9, FALSE), "") -> 480.09
A9: Intel | B9: =TRIM(A9) & " Core " & TRIM(C9) -> Intel Core i5-14600 | C9: i5-14600 | D9: i5 | E9: 14th | F9: 14 | G9: 6 | H9: 8 | I9: 20 | J9: 5.2 | K9: 2.7 | L9: 2 | M9: N/A | N9: 24 | O9: 65 | P9: 192 | Q9: Up to DDR5 4800 MT/s Up to DDR4 3200 MT/s | R9: 20 | S9: LGA1700 | T9: UHD 770 | U9: 1.55 | V9: No | W9: Yes | X9: No | Y9: Yes | Z9: HDMI: 4096 x 2160 @ 60Hz DP: 7680 x 4320 @ 60Hz eDP: 5120 x 3200 @ 120Hz | AA9: =IFERROR(VLOOKUP(B9, Prices!A:I, 9, FALSE), "")
A10: Intel | B10: =TRIM(A10) & " Core " & TRIM(C10) -> Intel Core i5-14400T | C10: i5-14400T | D10: i5 | E10: 14th | F10: 10 | G10: 6 | H10: 4 | I10: 16 | J10: 4.5 | K10: 1.5 | L10: 1.1 | M10: N/A | N10: 20 | O10: 35 | P10: 192 | Q10: Up to DDR5 4800 MT/s Up to DDR4 3200 MT/s | R10: 20 | S10: LGA1700 | T10: UHD 730 | U10: 1.55 | V10: No | W10: Yes | X10: No | Y10: No | Z10: HDMI: 4096 x 2160 @ 60Hz DP: 7680 x 4320 @ 60Hz eDP: 5120 x 3200 @ 120Hz | AA10: =IFERROR(VLOOKUP(B10, Prices!A:I, 9, FALSE), "")
A11: Intel | B11: =TRIM(A11) & " Core " & TRIM(C11) -> Intel Core i5-14400 | C11: i5-14400 | D11: i5 | E11: 14th | F11: 10 | G11: 6 | H11: 4 | I11: 16 | J11: 4.7 | K11: 2.5 | L11: 1.8 | M11: N/A | N11: 20 | O11: 65 | P11: 192 | Q11: Up to DDR5 4800 MT/s Up to DDR4 3200 MT/s | R11: 20 | S11: LGA1700 | T11: UHD 730 | U11: 1.55 | V11: No | W11: Yes | X11: No | Y11: No | Z11: HDMI: 4096 x 2160 @ 60Hz DP: 7680 x 4320 @ 60Hz eDP: 5120 x 3200 @ 120Hz | AA11: =IFERROR(VLOOKUP(B11, Prices!A:I, 9, FALSE), "") -> 261.72
A12: Intel | B12: =TRIM(A12) & " Core " & TRIM(C12) -> Intel Core i5-14500 | C12: i5-14500 | D12: i5 | E12: 14th | F12: 14 | G12: 6 | H12: 8 | I12: 20 | J12: 5 | K12: 2.6 | L12: 1.9 | M12: N/A | N12: 24 | O12: 65 | P12: 192 | Q12: Up to DDR5 4800 MT/s Up to DDR4 3200 MT/s | R12: 20 | S12: LGA1700 | T12: UHD 770 | U12: 1.55 | V12: No | W12: Yes | X12: No | Y12: Yes | Z12: HDMI: 4096 x 2160 @ 60Hz DP: 7680 x 4320 @ 60Hz eDP: 5120 x 3200 @ 120Hz | AA12: =IFERROR(VLOOKUP(B12, Prices!A:I, 9, FALSE), "") -> 478.95
A13: Intel | B13: =TRIM(A13) & " Core " & TRIM(C13) -> Intel Core i5-14600T | C13: i5-14600T | D13: i5 | E13: 14th | F13: 14 | G13: 6 | H13: 8 | I13: 20 | J13: 5.1 | K13: 1.8 | L13: 1.3 | M13: N/A | N13: 24 | O13: 35 | P13: 192 | Q13: Up to DDR5 5600 MT/s Up to DDR4 3200 MT/s | R13: 20 | S13: LGA1700 | T13: UHD 770 | U13: 1.55 | V13: No | W13: Yes | X13: No | Y13: Yes | Z13: HDMI: 4096 x 2160 @ 60Hz DP: 7680 x 4320 @ 60Hz eDP: 5120 x 3200 @ 120Hz | AA13: =IFERROR(VLOOKUP(B13, Prices!A:I, 9, FALSE), "")
A14: Intel | B14: =TRIM(A14) & " Core " & TRIM(C14) -> Intel Core i5-14500T | C14: i5-14500T | D14: i5 | E14: 14th | F14: 14 | G14: 6 | H14: 8 | I14: 20 | J14: 4.8 | K14: 1.7 | L14: 1.2 | M14: N/A | N14: 24 | O14: 35 | P14: 192 | Q14: Up to DDR5 4800 MT/s Up to DDR4 3200 MT/s | R14: 20 | S14: LGA1700 | T14: UHD 770 | U14: 1.55 | V14: No | W14: Yes | X14: No | Y14: Yes | Z14: HDMI: 4096 x 2160 @ 60Hz DP: 7680 x 4320 @ 60Hz eDP: 5120 x 3200 @ 120Hz | AA14: =IFERROR(VLOOKUP(B14, Prices!A:I, 9, FALSE), "") -> 0
A15: Intel | B15: =TRIM(A15) & " Core " & TRIM(C15) -> Intel Core i5-14400F | C15: i5-14400F | D15: i5 | E15: 14th | F15: 10 | G15: 6 | H15: 4 | I15: 16 | J15: 4.7 | K15: 2.5 | L15: 1.8 | M15: N/A | N15: 20 | O15: 65 | P15: 192 | Q15: Up to DDR5 4800 MT/s Up to DDR4 3200 MT/s | R15: 20 | S15: LGA1700 | T15: No | U15: N/A | V15: No | W15: Yes | X15: No | Y15: No | Z15: N/A | AA15: =IFERROR(VLOOKUP(B15, Prices!A:I, 9, FALSE), "") -> 234.99
A16: Intel | B16: =TRIM(A16) & " Core " & TRIM(C16) -> Intel Core i3-14100F | C16: i3-14100F | D16: i3 | E16: 14th | F16: 4 | G16: 4 | H16: 0 | I16: 8 | J16: 4.7 | K16: 3.5 | L16: N/A | M16: N/A | N16: 12 | O16: 58 | P16: 192 | Q16: Up to DDR5 4800 MT/s Up to DDR4 3200 MT/s | R16: 20 | S16: LGA1700 | T16: No | U16: N/A | V16: No | W16: Yes | X16: No | Y16: No | Z16: N/A | AA16: =IFERROR(VLOOKUP(B16, Prices!A:I, 9, FALSE), "") -> 99
A17: Intel | B17: =TRIM(A17) & " Core " & TRIM(C17) -> Intel Core i3-14100T | C17: i3-14100T | D17: i3 | E17: 14th | F17: 4 | G17: 4 | H17: 0 | I17: 8 | J17: 4.4 | K17: 2.7 | L17: N/A | M17: N/A | N17: 12 | O17: 35 | P17: 192 | Q17: Up to DDR5 4800 MT/s Up to DDR4 3200 MT/s | R17: 20 | S17: LGA1700 | T17: UHD 730 | U17: 1.5 | V17: No | W17: Yes | X17: No | Y17: No | Z17: HDMI: 4096 x 2160 @ 60Hz DP: 7680 x 4320 @ 60Hz eDP: 5120 x 3200 @ 120Hz | AA17: =IFERROR(VLOOKUP(B17, Prices!A:I, 9, FALSE), "")
A18: Intel | B18: =TRIM(A18) & " Core " & TRIM(C18) -> Intel Core i3-14100 | C18: i3-14100 | D18: i3 | E18: 14th | F18: 4 | G18: 4 | H18: 0 | I18: 8 | J18: 4.7 | K18: 3.5 | L18: N/A | M18: N/A | N18: 12 | O18: 60 | P18: 192 | Q18: Up to DDR5 4800 MT/s Up to DDR4 3200 MT/s | R18: 20 | S18: LGA1700 | T18: UHD 730 | U18: 1.5 | V18: No | W18: Yes | X18: No | Y18: No | Z18: HDMI: 4096 x 2160 @ 60Hz DP: 7680 x 4320 @ 60Hz eDP: 5120 x 3200 @ 120Hz | AA18: =IFERROR(VLOOKUP(B18, Prices!A:I, 9, FALSE), "") -> 204.99
A19: Intel | B19: =TRIM(A19) & " Core " & TRIM(C19) -> Intel Core i9-14900K | C19: i9-14900K | D19: i9 | E19: 14th | F19: 24 | G19: 8 | H19: 16 | I19: 32 | J19: 6 | K19: 3.2 | L19: 2.4 | M19: N/A | N19: 36 | O19: 125 | P19: 192 | Q19: Up to DDR5 5600, Up to DDR4 3200 | R19: 20 | S19: LGA1700 | T19: UHD 770 | U19: 1.65 | V19: No | W19: Yes | X19: Yes | Y19: Yes | Z19: HDMI: 4096 x 2160 @ 60Hz DP: 7680 x 4320 @ 60Hz eDP: 5120 x 3200 @ 120Hz | AA19: =IFERROR(VLOOKUP(B19, Prices!A:I, 9, FALSE), "") -> 468.99
A20: Intel | B20: =TRIM(A20) & " Core " & TRIM(C20) -> Intel Core i9-14900KF | C20: i9-14900KF | D20: i9 | E20: 14th | F20: 24 | G20: 8 | H20: 16 | I20: 32 | J20: 6 | K20: 3.2 | L20: 2.4 | M20: N/A | N20: 36 | O20: 125 | P20: 192 | Q20: Up to DDR5 5600, Up to DDR4 3200 | R20: 20 | S20: LGA1700 | T20: No | U20: N/A | V20: No | W20: Yes | X20: Yes | Y20: No | Z20: N/A | AA20: =IFERROR(VLOOKUP(B20, Prices!A:I, 9, FALSE), "") -> 439.79
A21: Intel | B21: =TRIM(A21) & " Core " & TRIM(C21) -> Intel Core i7-14700K | C21: i7-14700K | D21: i7 | E21: 14th | F21: 20 | G21: 8 | H21: 12 | I21: 28 | J21: 5.6 | K21: 3.4 | L21: 2.5 | M21: N/A | N21: 33 | O21: 125 | P21: 192 | Q21: Up to DDR5 5600, Up to DDR4 3200 | R21: 20 | S21: LGA1700 | T21: UHD 770 | U21: 1.6 | V21: No | W21: Yes | X21: Yes | Y21: Yes | Z21: HDMI: 4096 x 2160 @ 60Hz DP: 7680 x 4320 @ 60Hz eDP: 5120 x 3200 @ 120Hz | AA21: =IFERROR(VLOOKUP(B21, Prices!A:I, 9, FALSE), "") -> 339.79
A22: Intel | B22: =TRIM(A22) & " Core " & TRIM(C22) -> Intel Core i7-14700KF | C22: i7-14700KF | D22: i7 | E22: 14th | F22: 20 | G22: 8 | H22: 12 | I22: 28 | J22: 5.6 | K22: 3.4 | L22: 2.5 | M22: N/A | N22: 33 | O22: 125 | P22: 192 | Q22: Up to DDR5 5600, Up to DDR4 3200 | R22: 20 | S22: LGA1700 | T22: No | U22: N/A | V22: No | W22: Yes | X22: Yes | Y22: No | Z22: N/A | AA22: =IFERROR(VLOOKUP(B22, Prices!A:I, 9, FALSE), "")
A23: Intel | B23: =TRIM(A23) & " Core " & TRIM(C23) -> Intel Core i5-14600K | C23: i5-14600K | D23: i5 | E23: 14th | F23: 14 | G23: 6 | H23: 8 | I23: 20 | J23: 5.3 | K23: 3.5 | L23: 2.6 | M23: N/A | N23: 24 | O23: 125 | P23: 192 | Q23: Up to DDR5 5600, Up to DDR4 3200 | R23: 20 | S23: LGA1700 | T23: UHD 770 | U23: 1.55 | V23: No | W23: Yes | X23: No | Y23: Yes | Z23: HDMI: 4096 x 2160 @ 60Hz DP: 7680 x 4320 @ 60Hz eDP: 5120 x 3200 @ 120Hz | AA23: =IFERROR(VLOOKUP(B23, Prices!A:I, 9, FALSE), "")
A24: Intel | B24: =TRIM(A24) & " Core " & TRIM(C24) -> Intel Core i5-14600KF | C24: i5-14600KF | D24: i5 | E24: 14th | F24: 14 | G24: 6 | H24: 8 | I24: 20 | J24: 5.3 | K24: 3.5 | L24: 2.6 | M24: N/A | N24: 24 | O24: 125 | P24: 192 | Q24: Up to DDR5 5600, Up to DDR4 3200 | R24: 20 | S24: LGA1700 | T24: No | U24: N/A | V24: No | W24: Yes | X24: No | Y24: No | Z24: N/A | AA24: =IFERROR(VLOOKUP(B24, Prices!A:I, 9, FALSE), "")
A25: Intel | B25: =TRIM(A25) & " Core " & TRIM(C25) -> Intel Core i9-13900KS | C25: i9-13900KS | D25: =LEFT(C25,2) -> i9 | E25: 13th | F25: 24 | G25: 8 | H25: 16 | I25: 32 | J25: 6 | K25: 3.2 | L25: 2.4 | M25: N/A | N25: 36 | O25: 150 | P25: 128 | Q25: Up to DDR5 5600 Up to DDR4 3200 | R25: 20 | S25: LGA1700 | T25: UHD 770 | U25: 1.65 | V25: No | W25: Yes | X25: Yes | Y25: Yes | Z25: HDMI: 4096 x 2160 @ 60Hz DP: 7680 x 4320 @ 60Hz eDP: 5120 x 3200 @ 120Hz | AA25: =IFERROR(VLOOKUP(B25, Prices!A:I, 9, FALSE), "") -> 707
A26: Intel | B26: =TRIM(A26) & " Core " & TRIM(C26) -> Intel Core i9-13900F | C26: i9-13900F | D26: =LEFT(C26,2) -> i9 | E26: 13th | F26: 24 | G26: 8 | H26: 16 | I26: 32 | J26: 5.6 | K26: 2 | L26: 1.5 | M26: N/A | N26: 36 | O26: 65 | P26: 128 | Q26: Up to DDR5 5600, Up to DDR4 3200 | R26: 20 | S26: LGA1700 | T26: No | U26: N/A | V26: No | W26: Yes | X26: Yes | Y26: No | Z26: N/A | AA26: =IFERROR(VLOOKUP(B26, Prices!A:I, 9, FALSE), "") -> 0
A27: Intel | B27: =TRIM(A27) & " Core " & TRIM(C27) -> Intel Core i9-13900 | C27: i9-13900 | D27: =LEFT(C27,2) -> i9 | E27: 13th | F27: 24 | G27: 8 | H27: 16 | I27: 32 | J27: 5.6 | K27: 2 | L27: 1.5 | M27: N/A | N27: 36 | O27: 65 | P27: 128 | Q27: Up to DDR5 5600, Up to DDR4 3200 | R27: 20 | S27: LGA1700 | T27: UHD 770 | U27: 1.65 | V27: No | W27: Yes | X27: Yes | Y27: Yes | Z27: HDMI: 4096 x 2160 @ 60Hz DP: 7680 x 4320 @ 60Hz eDP: 5120 x 3200 @ 120Hz | AA27: =IFERROR(VLOOKUP(B27, Prices!A:I, 9, FALSE), "")
A28: Intel | B28: =TRIM(A28) & " Core " & TRIM(C28) -> Intel Core i9-13900T | C28: i9-13900T | D28: =LEFT(C28,2) -> i9 | E28: 13th | F28: 24 | G28: 8 | H28: 16 | I28: 32 | J28: 5.3 | K28: 1.1 | L28: 0.8 | M28: N/A | N28: 36 | O28: 35 | P28: 128 | Q28: Up to DDR5 5600, Up to DDR4 3200 | R28: 20 | S28: LGA1700 | T28: UHD 770 | U28: 1.65 | V28: No | W28: Yes | X28: Yes | Y28: Yes | Z28: HDMI: 4096 x 2160 @ 60Hz DP: 7680 x 4320 @ 60Hz eDP: 5120 x 3200 @ 120Hz | AA28: =IFERROR(VLOOKUP(B28, Prices!A:I, 9, FALSE), "") -> 0
A29: Intel | B29: =TRIM(A29) & " Core " & TRIM(C29) -> Intel Core i7-13700F | C29: i7-13700F | D29: i7 | E29: 13th | F29: 16 | G29: 8 | H29: 8 | I29: 24 | J29: 5.2 | K29: 2.1 | L29: 1.5 | M29: N/A | N29: 30 | O29: 65 | P29: 128 | Q29: Up to DDR5 5600, Up to DDR4 3200 | R29: 20 | S29: LGA1700 | T29: No | U29: N/A | V29: No | W29: Yes | X29: Yes | Y29: No | Z29: N/A | AA29: =IFERROR(VLOOKUP(B29, Prices!A:I, 9, FALSE), "") -> 0
A30: Intel | B30: =TRIM(A30) & " Core " & TRIM(C30) -> Intel Core i7-13700 | C30: i7-13700 | D30: i7 | E30: 13th | F30: 16 | G30: 8 | H30: 8 | I30: 24 | J30: 5.2 | K30: 2.1 | L30: 1.5 | M30: N/A | N30: 30 | O30: 65 | P30: 128 | Q30: Up to DDR5 5600, Up to DDR4 3200 | R30: 20 | S30: LGA1700 | T30: UHD 770 | U30: 1.6 | V30: No | W30: Yes | X30: Yes | Y30: Yes | Z30: HDMI: 4096 x 2160 @ 60Hz DP: 7680 x 4320 @ 60Hz eDP: 5120 x 3200 @ 120Hz | AA30: =IFERROR(VLOOKUP(B30, Prices!A:I, 9, FALSE), "")
A31: Intel | B31: =TRIM(A31) & " Core " & TRIM(C31) -> Intel Core i7-13700T | C31: i7-13700T | D31: i7 | E31: 13th | F31: 16 | G31: 8 | H31: 8 | I31: 24 | J31: 4.9 | K31: 1.4 | L31: 1 | M31: N/A | N31: 30 | O31: 35 | P31: 128 | Q31: Up to DDR5 5600, Up to DDR4 3200 | R31: 20 | S31: LGA1700 | T31: UHD 770 | U31: 1.6 | V31: No | W31: Yes | X31: Yes | Y31: Yes | Z31: HDMI: 4096 x 2160 @ 60Hz DP: 7680 x 4320 @ 60Hz eDP: 5120 x 3200 @ 120Hz | AA31: =IFERROR(VLOOKUP(B31, Prices!A:I, 9, FALSE), "") -> 0
A32: Intel | B32: =TRIM(A32) & " Core " & TRIM(C32) -> Intel Core i5-13600 | C32: i5-13600 | D32: i5 | E32: 13th | F32: 14 | G32: 6 | H32: 8 | I32: 20 | J32: 5 | K32: 2.7 | L32: 2 | M32: N/A | N32: 24 | O32: 65 | P32: 128 | Q32: Up to DDR5 4800 Up to DDR4 3200 | R32: 20 | S32: LGA1700 | T32: UHD 770 | U32: 1.55 | V32: No | W32: Yes | X32: No | Y32: Yes | Z32: HDMI: 4096 x 2160 @ 60Hz DP: 7680 x 4320 @ 60Hz eDP: 5120 x 3200 @ 120Hz | AA32: =IFERROR(VLOOKUP(B32, Prices!A:I, 9, FALSE), "") -> 0
A33: Intel | B33: =TRIM(A33) & " Core " & TRIM(C33) -> Intel Core i5-13600T | C33: i5-13600T | D33: i5 | E33: 13th | F33: 14 | G33: 6 | H33: 8 | I33: 20 | J33: 4.8 | K33: 1.8 | L33: 1.3 | M33: N/A | N33: 24 | O33: 35 | P33: 128 | Q33: Up to DDR5 4800 Up to DDR4 3200 | R33: 20 | S33: LGA1700 | T33: UHD 770 | U33: 1.55 | V33: No | W33: Yes | X33: No | Y33: Yes | Z33: HDMI: 4096 x 2160 @ 60Hz DP: 7680 x 4320 @ 60Hz eDP: 5120 x 3200 @ 120Hz | AA33: =IFERROR(VLOOKUP(B33, Prices!A:I, 9, FALSE), "")
A34: Intel | B34: =TRIM(A34) & " Core " & TRIM(C34) -> Intel Core i5-13500 | C34: i5-13500 | D34: i5 | E34: 13th | F34: 14 | G34: 6 | H34: 8 | I34: 20 | J34: 4.8 | K34: 2.5 | L34: 1.8 | M34: N/A | N34: 24 | O34: 65 | P34: 128 | Q34: Up to DDR5 4800 Up to DDR4 3200 | R34: 20 | S34: LGA1700 | T34: UHD 770 | U34: 1.55 | V34: No | W34: Yes | X34: No | Y34: Yes | Z34: HDMI: 4096 x 2160 @ 60Hz DP: 7680 x 4320 @ 60Hz eDP: 5120 x 3200 @ 120Hz | AA34: =IFERROR(VLOOKUP(B34, Prices!A:I, 9, FALSE), "") -> 0
A35: Intel | B35: =TRIM(A35) & " Core " & TRIM(C35) -> Intel Core i5-13500T | C35: i5-13500T | D35: i5 | E35: 13th | F35: 14 | G35: 6 | H35: 8 | I35: 20 | J35: 4.6 | K35: 1.6 | L35: 1.2 | M35: N/A | N35: 24 | O35: 35 | P35: 128 | Q35: Up to DDR5 4800 Up to DDR4 3200 | R35: 20 | S35: LGA1700 | T35: UHD 770 | U35: 1.55 | V35: No | W35: Yes | X35: No | Y35: Yes | Z35: HDMI: 4096 x 2160 @ 60Hz DP: 7680 x 4320 @ 60Hz eDP: 5120 x 3200 @ 120Hz | AA35: =IFERROR(VLOOKUP(B35, Prices!A:I, 9, FALSE), "")
A36: Intel | B36: =TRIM(A36) & " Core " & TRIM(C36) -> Intel Core i5-13400F | C36: i5-13400F | D36: i5 | E36: 13th | F36: 10 | G36: 6 | H36: 4 | I36: 16 | J36: 4.6 | K36: 2.5 | L36: 1.8 | M36: N/A | N36: 20 | O36: 65 | P36: 128 | Q36: Up to DDR5 4800 Up to DDR4 3200 | R36: 20 | S36: LGA1700 | T36: No | U36: N/A | V36: No | W36: Yes | X36: No | Y36: No | Z36: N/A | AA36: =IFERROR(VLOOKUP(B36, Prices!A:I, 9, FALSE), "") -> 234.29
A37: Intel | B37: =TRIM(A37) & " Core " & TRIM(C37) -> Intel Core i5-13400 | C37: i5-13400 | D37: i5 | E37: 13th | F37: 10 | G37: 6 | H37: 4 | I37: 16 | J37: 4.6 | K37: 2.5 | L37: 1.8 | M37: N/A | N37: 20 | O37: 65 | P37: 128 | Q37: Up to DDR5 4800 Up to DDR4 3200 | R37: 20 | S37: LGA1700 | T37: UHD 730 | U37: 1.55 | V37: No | W37: Yes | X37: No | Y37: No | Z37: HDMI: 4096 x 2160 @ 60Hz DP: 7680 x 4320 @ 60Hz eDP: 5120 x 3200 @ 120Hz | AA37: =IFERROR(VLOOKUP(B37, Prices!A:I, 9, FALSE), "") -> 370.57
A38: Intel | B38: =TRIM(A38) & " Core " & TRIM(C38) -> Intel Core i5-13400T | C38: i5-13400T | D38: i5 | E38: 13th | F38: 10 | G38: 6 | H38: 4 | I38: 16 | J38: 4.4 | K38: 1.3 | L38: 1 | M38: N/A | N38: 20 | O38: 35 | P38: 128 | Q38: Up to DDR5 4800 Up to DDR4 3200 | R38: 20 | S38: LGA1700 | T38: UHD 730 | U38: 1.55 | V38: No | W38: Yes | X38: No | Y38: No | Z38: HDMI: 4096 x 2160 @ 60Hz DP: 7680 x 4320 @ 60Hz eDP: 5120 x 3200 @ 120Hz | AA38: =IFERROR(VLOOKUP(B38, Prices!A:I, 9, FALSE), "")
A39: Intel | B39: =TRIM(A39) & " Core " & TRIM(C39) -> Intel Core i9-13900K | C39: i9-13900K | D39: i9 | E39: 13th | F39: 24 | G39: 8 | H39: 16 | I39: 32 | J39: 5.8 | K39: 3 | L39: 2.2 | M39: N/A | N39: 36 | O39: 125 | P39: 128 | Q39: Up to DDR5 5600, Up to DDR4 3200 | R39: 20 | S39: LGA1700 | T39: UHD 770 | U39: 1.65 | V39: No | W39: Yes | X39: Yes | Y39: Yes | Z39: HDMI: 4096 x 2160 @ 60Hz DP: 7680 x 4320 @ 60Hz eDP: 5120 x 3200 @ 120Hz | AA39: =IFERROR(VLOOKUP(B39, Prices!A:I, 9, FALSE), "") -> 599.95
A40: Intel | B40: =TRIM(A40) & " Core " & TRIM(C40) -> Intel Core i9-13900KF | C40: i9-13900KF | D40: i9 | E40: 13th | F40: 24 | G40: 8 | H40: 16 | I40: 32 | J40: 5.8 | K40: 3 | L40: 2.2 | M40: N/A | N40: 36 | O40: 125 | P40: 128 | Q40: Up to DDR5 5600, Up to DDR4 3200 | R40: 20 | S40: LGA1700 | T40: No | U40: N/A | V40: No | W40: Yes | X40: Yes | Y40: No | Z40: N/A | AA40: =IFERROR(VLOOKUP(B40, Prices!A:I, 9, FALSE), "") -> 606.78
A41: Intel | B41: =TRIM(A41) & " Core " & TRIM(C41) -> Intel Core i7-13700K | C41: i7-13700K | D41: i7 | E41: 13th | F41: 16 | G41: 8 | H41: 8 | I41: 24 | J41: 5.4 | K41: 3.4 | L41: 2.5 | M41: N/A | N41: 30 | O41: 125 | P41: 128 | Q41: Up to DDR5 5600, Up to DDR4 3200 | R41: 20 | S41: LGA1700 | T41: UHD 770 | U41: 1.6 | V41: No | W41: Yes | X41: Yes | Y41: Yes | Z41: HDMI: 4096 x 2160 @ 60Hz DP: 7680 x 4320 @ 60Hz eDP: 5120 x 3200 @ 120Hz | AA41: =IFERROR(VLOOKUP(B41, Prices!A:I, 9, FALSE), "") -> 457.29
A42: Intel | B42: =TRIM(A42) & " Core " & TRIM(C42) -> Intel Core i7-13700KF | C42: i7-13700KF | D42: i7 | E42: 13th | F42: 16 | G42: 8 | H42: 8 | I42: 24 | J42: 5.4 | K42: 3.4 | L42: 2.5 | M42: N/A | N42: 30 | O42: 125 | P42: 128 | Q42: Up to DDR5 5600, Up to DDR4 3200 | R42: 20 | S42: LGA1700 | T42: No | U42: N/A | V42: No | W42: Yes | X42: Yes | Y42: No | Z42: N/A | AA42: =IFERROR(VLOOKUP(B42, Prices!A:I, 9, FALSE), "")
A43: Intel | B43: =TRIM(A43) & " Core " & TRIM(C43) -> Intel Core i5-13600K | C43: i5-13600K | D43: i5 | E43: 13th | F43: 14 | G43: 6 | H43: 8 | I43: 20 | J43: 5.1 | K43: 3.5 | L43: 2.6 | M43: N/A | N43: 24 | O43: 125 | P43: 128 | Q43: Up to DDR5 5600, Up to DDR4 3200 | R43: 20 | S43: LGA1700 | T43: UHD 770 | U43: 1.5 | V43: No | W43: Yes | X43: No | Y43: Yes | Z43: HDMI: 4096 x 2160 @ 60Hz DP: 7680 x 4320 @ 60Hz eDP: 5120 x 3200 @ 120Hz | AA43: =IFERROR(VLOOKUP(B43, Prices!A:I, 9, FALSE), "")
A44: Intel | B44: =TRIM(A44) & " Core " & TRIM(C44) -> Intel Core i5-13600KF | C44: i5-13600KF | D44: i5 | E44: 13th | F44: 14 | G44: 6 | H44: 8 | I44: 20 | J44: 5.1 | K44: 3.5 | L44: 2.6 | M44: N/A | N44: 24 | O44: 125 | P44: 128 | Q44: Up to DDR5 5600, Up to DDR4 3200 | R44: 20 | S44: LGA1700 | T44: No | U44: N/A | V44: No | W44: Yes | X44: No | Y44: No | Z44: N/A | AA44: =IFERROR(VLOOKUP(B44, Prices!A:I, 9, FALSE), "")
A45: Intel | B45: =TRIM(A45) & " Core " & TRIM(C45) -> Intel Core i3-13100 | C45: i3-13100 | D45: i3 | E45: 13th | F45: 4 | G45: 4 | H45: 0 | I45: 8 | J45: 4.5 | K45: 3.4 | L45: N/A | M45: N/A | N45: 12 | O45: 60 | P45: 128 | Q45: Up to DDR5 4800 Up to DDR4 3200 | R45: 20 | S45: LGA1700 | T45: UHD 730 | U45: 1.5 | V45: No | W45: Yes | X45: No | Y45: No | Z45: HDMI: 4096 x 2160 @ 60Hz DP: 7680 x 4320 @ 60Hz eDP: 5120 x 3200 @ 120Hz | AA45: =IFERROR(VLOOKUP(B45, Prices!A:I, 9, FALSE), "")
A46: Intel | B46: =TRIM(A46) & " Core " & TRIM(C46) -> Intel Core i3-13100F | C46: i3-13100F | D46: i3 | E46: 13th | F46: 4 | G46: 4 | H46: 0 | I46: 8 | J46: 4.5 | K46: 3.4 | L46: N/A | M46: N/A | N46: 12 | O46: 58 | P46: 128 | Q46: Up to DDR5 4800 Up to DDR4 3200 | R46: 20 | S46: LGA1700 | T46: No | U46: N/A | V46: No | W46: Yes | X46: No | Y46: No | Z46: N/A | AA46: =IFERROR(VLOOKUP(B46, Prices!A:I, 9, FALSE), "") -> 141.87
A47: Intel | B47: =TRIM(A47) & " Core " & TRIM(C47) -> Intel Core i3-13100T | C47: i3-13100T | D47: i3 | E47: 13th | F47: 4 | G47: 4 | H47: 0 | I47: 8 | J47: 4.2 | K47: 2.5 | L47: N/A | M47: N/A | N47: 12 | O47: 35 | P47: 128 | Q47: Up to DDR5 4800 Up to DDR4 3200 | R47: 20 | S47: LGA1700 | T47: UHD 730 | U47: 1.5 | V47: No | W47: Yes | X47: No | Y47: No | Z47: HDMI: 4096 x 2160 @ 60Hz DP: 7680 x 4320 @ 60Hz eDP: 5120 x 3200 @ 120Hz | AA47: =IFERROR(VLOOKUP(B47, Prices!A:I, 9, FALSE), "") -> 0
A48: Intel | B48: =TRIM(A48) & " Core " & TRIM(C48) -> Intel Core i9-12900KS | C48: i9-12900KS | D48: =LEFT(C48,2) -> i9 | E48: 12th | F48: 16 | G48: 8 | H48: 8 | I48: 24 | J48: 5.5 | K48: 3.4 | L48: 2.5 | M48: N/A | N48: 30 | O48: 150 | P48: 128 | Q48: Up to DDR5-4800, Up to DDR4-3200 | R48: 20 | S48: LGA1700 | T48: UHD 770 | U48: 1.55 | V48: Yes | W48: Yes | X48: Yes | Y48: Yes | Z48: HDMI: 4096 x 2160 @ 60Hz DP: 7680 x 4320 @ 60Hz eDP: 5120 x 3200 @ 120Hz | AA48: =IFERROR(VLOOKUP(B48, Prices!A:I, 9, FALSE), "") -> 479.99
A49: Intel | B49: =TRIM(A49) & " Core " & TRIM(C49) -> Intel Core i9-12900K | C49: i9-12900K | D49: =LEFT(C49,2) -> i9 | E49: 12th | F49: 16 | G49: 8 | H49: 8 | I49: 24 | J49: 5.2 | K49: 3.2 | L49: 2.4 | M49: N/A | N49: 30 | O49: 125 | P49: 128 | Q49: Up to DDR5-4800, Up to DDR4-3200 | R49: 20 | S49: LGA1700 | T49: UHD 770 | U49: 1.55 | V49: Yes | W49: Yes | X49: Yes | Y49: Yes | Z49: HDMI: 4096 x 2160 @ 60Hz DP: 7680 x 4320 @ 60Hz eDP: 5120 x 3200 @ 120Hz | AA49: =IFERROR(VLOOKUP(B49, Prices!A:I, 9, FALSE), "") -> 329.99
A50: Intel | B50: =TRIM(A50) & " Core " & TRIM(C50) -> Intel Core i9-12900KF | C50: i9-12900KF | D50: =LEFT(C50,2) -> i9 | E50: 12th | F50: 16 | G50: 8 | H50: 8 | I50: 24 | J50: 5.2 | K50: 3.2 | L50: 2.4 | M50: N/A | N50: 30 | O50: 125 | P50: 128 | Q50: Up to DDR5-4800, Up to DDR4-3200 | R50: 20 | S50: LGA1700 | T50: No | U50: N/A | V50: Yes | W50: Yes | X50: Yes | Y50: No | Z50: N/A | AA50: =IFERROR(VLOOKUP(B50, Prices!A:I, 9, FALSE), "") -> 309.99
A51: Intel | B51: =TRIM(A51) & " Core " & TRIM(C51) -> Intel Core i9-12900F | C51: i9-12900F | D51: i9 | E51: 12th | F51: 16 | G51: 8 | H51: 8 | I51: 24 | J51: 5.1 | K51: 2.4 | L51: 1.8 | M51: N/A | N51: 30 | O51: 65 | P51: 128 | Q51: Up to DDR5-4800, Up to DDR4-3200 | R51: 20 | S51: LGA1700 | T51: No | U51: N/A | V51: Yes | W51: Yes | X51: Yes | Y51: No | Z51: N/A | AA51: =IFERROR(VLOOKUP(B51, Prices!A:I, 9, FALSE), "")
A52: Intel | B52: =TRIM(A52) & " Core " & TRIM(C52) -> Intel Core i9-12900 | C52: i9-12900 | D52: i9 | E52: 12th | F52: 16 | G52: 8 | H52: 8 | I52: 24 | J52: 5.1 | K52: 2.4 | L52: 1.8 | M52: N/A | N52: 30 | O52: 65 | P52: 128 | Q52: Up to DDR5-4800, Up to DDR4-3200 | R52: 20 | S52: LGA1700 | T52: UHD 770 | U52: 1.55 | V52: Yes | W52: Yes | X52: Yes | Y52: Yes | Z52: HDMI: 4096 x 2160 @ 60Hz DP: 7680 x 4320 @ 60Hz eDP: 5120 x 3200 @ 120Hz | AA52: =IFERROR(VLOOKUP(B52, Prices!A:I, 9, FALSE), "")
A53: Intel | B53: =TRIM(A53) & " Core " & TRIM(C53) -> Intel Core i7-12700 | C53: i7-12700 | D53: i7 | E53: 12th | F53: 12 | G53: 8 | H53: 4 | I53: 20 | J53: 4.9 | K53: 2.1 | L53: 1.6 | M53: N/A | N53: 25 | O53: 65 | P53: 128 | Q53: Up to DDR5-4800, Up to DDR4-3200 | R53: 20 | S53: LGA1700 | T53: UHD 770 | U53: 1.5 | V53: Yes | W53: Yes | X53: yes | Y53: Yes | Z53: HDMI: 4096 x 2160 @ 60Hz DP: 7680 x 4320 @ 60Hz eDP: 5120 x 3200 @ 120Hz | AA53: =IFERROR(VLOOKUP(B53, Prices!A:I, 9, FALSE), "") -> 449.99
A54: Intel | B54: =TRIM(A54) & " Core " & TRIM(C54) -> Intel Core i7-12700F | C54: i7-12700F | D54: i7 | E54: 12th | F54: 12 | G54: 8 | H54: 4 | I54: 20 | J54: 4.9 | K54: 2.1 | L54: 1.6 | M54: N/A | N54: 25 | O54: 65 | P54: 128 | Q54: Up to DDR5-4800, Up to DDR4-3200 | R54: 20 | S54: LGA1700 | T54: No | U54: N/A | V54: Yes | W54: Yes | X54: Yes | Y54: No | Z54: N/A | AA54: =IFERROR(VLOOKUP(B54, Prices!A:I, 9, FALSE), "") -> 284.99
A55: Intel | B55: =TRIM(A55) & " Core " & TRIM(C55) -> Intel Core i9-12900T | C55: i9-12900T | D55: i9 | E55: 12th | F55: 16 | G55: 8 | H55: 8 | I55: 24 | J55: 4.9 | K55: 1.4 | L55: 1 | M55: N/A | N55: 30 | O55: 35 | P55: 128 | Q55: Up to DDR5-4800, Up to DDR4-3200 | R55: 20 | S55: LGA1700 | T55: UHD 770 | U55: 1.55 | V55: Yes | W55: Yes | X55: Yes | Y55: Yes | Z55: HDMI: 4096 x 2160 @ 60Hz DP: 7680 x 4320 @ 60Hz eDP: 5120 x 3200 @ 120Hz | AA55: =IFERROR(VLOOKUP(B55, Prices!A:I, 9, FALSE), "")
A56: Intel | B56: =TRIM(A56) & " Core " & TRIM(C56) -> Intel Core i7-12700K | C56: i7-12700K | D56: i7 | E56: 12th | F56: 12 | G56: 8 | H56: 4 | I56: 20 | J56: 5 | K56: 3.6 | L56: 2.7 | M56: N/A | N56: 25 | O56: 125 | P56: 128 | Q56: Up to DDR5-4800, Up to DDR4-3200 | R56: 20 | S56: LGA1700 | T56: UHD 770 | U56: 1.5 | V56: Yes | W56: Yes | X56: yes | Y56: yes | Z56: HDMI: 4096 x 2160 @ 60Hz DP: 7680 x 4320 @ 60Hz eDP: 5120 x 3200 @ 120Hz | AA56: =IFERROR(VLOOKUP(B56, Prices!A:I, 9, FALSE), "") -> 284.58
A57: Intel | B57: =TRIM(A57) & " Core " & TRIM(C57) -> Intel Core i7-12700KF | C57: i7-12700KF | D57: i7 | E57: 12th | F57: 12 | G57: 8 | H57: 4 | I57: 20 | J57: 5 | K57: 3.6 | L57: 2.7 | M57: N/A | N57: 25 | O57: 125 | P57: 128 | Q57: Up to DDR5-4800, Up to DDR4-3200 | R57: 20 | S57: LGA1700 | T57: No | U57: N/A | V57: Yes | W57: Yes | X57: Yes | Y57: No | Z57: N/A | AA57: =IFERROR(VLOOKUP(B57, Prices!A:I, 9, FALSE), "") -> 268.95
A58: Intel | B58: =TRIM(A58) & " Core " & TRIM(C58) -> Intel Core i5-12600 | C58: i5-12600 | D58: i5 | E58: 12th | F58: 6 | G58: 6 | H58: 0 | I58: 12 | J58: 4.8 | K58: 3.3 | L58: N/A | M58: N/A | N58: 18 | O58: 65 | P58: 128 | Q58: Up to DDR5-4800, Up to DDR4-3200 | R58: 20 | S58: LGA1700 | T58: UHD 770 | U58: 1.45 | V58: Yes | W58: Yes | X58: No | Y58: Yes | Z58: HDMI: 4096 x 2160 @ 60Hz DP: 7680 x 4320 @ 60Hz eDP: 5120 x 3200 @ 120Hz | AA58: =IFERROR(VLOOKUP(B58, Prices!A:I, 9, FALSE), "")
A59: Intel | B59: =TRIM(A59) & " Core " & TRIM(C59) -> Intel Core i5-12400 | C59: i5-12400 | D59: i5 | E59: 12th | F59: 6 | G59: 6 | H59: 0 | I59: 12 | J59: 4.4 | K59: 2.5 | L59: N/A | M59: N/A | N59: 18 | O59: 65 | P59: 128 | Q59: Up to DDR5-4800, Up to DDR4-3200 | R59: 20 | S59: LGA1700 | T59: UHD 730 | U59: 1.45 | V59: Yes | W59: Yes | X59: No | Y59: No | Z59: HDMI: 4096 x 2160 @ 60Hz DP: 7680 x 4320 @ 60Hz eDP: 5120 x 3200 @ 120Hz | AA59: =IFERROR(VLOOKUP(B59, Prices!A:I, 9, FALSE), "") -> 215.99
A60: Intel | B60: =TRIM(A60) & " Core " & TRIM(C60) -> Intel Core i5-12400F | C60: i5-12400F | D60: i5 | E60: 12th | F60: 6 | G60: 6 | H60: 0 | I60: 12 | J60: 4.4 | K60: 2.5 | L60: N/A | M60: N/A | N60: 18 | O60: 65 | P60: 128 | Q60: Up to DDR5-4800, Up to DDR4-3200 | R60: 20 | S60: LGA1700 | T60: No | U60: N/A | V60: Yes | W60: Yes | X60: No | Y60: No | Z60: N/A | AA60: =IFERROR(VLOOKUP(B60, Prices!A:I, 9, FALSE), "") -> 148.86
A61: Intel | B61: =TRIM(A61) & " Core " & TRIM(C61) -> Intel Core i7-12700T | C61: i7-12700T | D61: i7 | E61: 12th | F61: 12 | G61: 8 | H61: 4 | I61: 20 | J61: 4.7 | K61: 1.4 | L61: 1 | M61: N/A | N61: 25 | O61: 35 | P61: 128 | Q61: Up to DDR5-4800, Up to DDR4-3200 | R61: 20 | S61: LGA1700 | T61: UHD 770 | U61: 1.5 | V61: Yes | W61: Yes | X61: yes | Y61: Yes | Z61: HDMI: 4096 x 2160 @ 60Hz DP: 7680 x 4320 @ 60Hz eDP: 5120 x 3200 @ 120Hz | AA61: =IFERROR(VLOOKUP(B61, Prices!A:I, 9, FALSE), "")
A62: Intel | B62: =TRIM(A62) & " Core " & TRIM(C62) -> Intel Core i5-12400T | C62: i5-12400T | D62: i5 | E62: 12th | F62: 6 | G62: 6 | H62: 0 | I62: 12 | J62: 4.2 | K62: 1.8 | L62: N/A | M62: N/A | N62: 18 | O62: 35 | P62: 128 | Q62: Up to DDR5-4800, Up to DDR4-3200 | R62: 20 | S62: LGA1700 | T62: UHD 730 | U62: 1.45 | V62: Yes | W62: Yes | X62: No | Y62: No | Z62: HDMI: 4096 x 2160 @ 60Hz DP: 7680 x 4320 @ 60Hz eDP: 5120 x 3200 @ 120Hz | AA62: =IFERROR(VLOOKUP(B62, Prices!A:I, 9, FALSE), "")
A63: Intel | B63: =TRIM(A63) & " Core " & TRIM(C63) -> Intel Core i5-12500 | C63: i5-12500 | D63: i5 | E63: 12th | F63: 6 | G63: 6 | H63: 0 | I63: 12 | J63: 4.6 | K63: 3 | L63: N/A | M63: N/A | N63: 18 | O63: 65 | P63: 128 | Q63: Up to DDR5-4800, Up to DDR4-3200 | R63: 20 | S63: LGA1700 | T63: UHD 770 | U63: 1.45 | V63: Yes | W63: Yes | X63: No | Y63: Yes | Z63: HDMI: 4096 x 2160 @ 60Hz DP: 7680 x 4320 @ 60Hz eDP: 5120 x 3200 @ 120Hz | AA63: =IFERROR(VLOOKUP(B63, Prices!A:I, 9, FALSE), "") -> 219.99
A64: Intel | B64: =TRIM(A64) & " Core " & TRIM(C64) -> Intel Core i5-12500T | C64: i5-12500T | D64: i5 | E64: 12th | F64: 6 | G64: 6 | H64: 0 | I64: 12 | J64: 4.4 | K64: 2 | L64: N/A | M64: N/A | N64: 18 | O64: 35 | P64: 128 | Q64: Up to DDR5-4800, Up to DDR4-3200 | R64: 20 | S64: LGA1700 | T64: UHD 770 | U64: 1.45 | V64: Yes | W64: Yes | X64: No | Y64: Yes | Z64: HDMI: 4096 x 2160 @ 60Hz DP: 7680 x 4320 @ 60Hz eDP: 5120 x 3200 @ 120Hz | AA64: =IFERROR(VLOOKUP(B64, Prices!A:I, 9, FALSE), "")
A65: Intel | B65: =TRIM(A65) & " Core " & TRIM(C65) -> Intel Core i5-12600K | C65: i5-12600K | D65: i5 | E65: 12th | F65: 10 | G65: 6 | H65: 4 | I65: 16 | J65: 4.9 | K65: 3.7 | L65: 2.8 | M65: N/A | N65: 20 | O65: 125 | P65: 128 | Q65: Up to DDR5-4800, Up to DDR4-3200 | R65: 20 | S65: LGA1700 | T65: UHD 770 | U65: 1.45 | V65: Yes | W65: Yes | X65: No | Y65: Yes | Z65: HDMI: 4096 x 2160 @ 60Hz DP: 7680 x 4320 @ 60Hz eDP: 5120 x 3200 @ 120Hz | AA65: =IFERROR(VLOOKUP(B65, Prices!A:I, 9, FALSE), "") -> 184.99
A66: Intel | B66: =TRIM(A66) & " Core " & TRIM(C66) -> Intel Core i5-12600KF | C66: i5-12600KF | D66: =LEFT(C66,2) -> i5 | E66: 12th | F66: 10 | G66: 6 | H66: 4 | I66: 16 | J66: 4.9 | K66: 3.7 | L66: 2.8 | M66: N/A | N66: 20 | O66: 125 | P66: 128 | Q66: Up to DDR5-4800, Up to DDR4-3200 | R66: 20 | S66: LGA1700 | T66: No | U66: N/A | V66: Yes | W66: Yes | X66: No | Y66: No | Z66: N/A | AA66: =IFERROR(VLOOKUP(B66, Prices!A:I, 9, FALSE), "") -> 159.99
A67: Intel | B67: =TRIM(A67) & " Core " & TRIM(C67) -> Intel Core i3-12300 | C67: i3-12300 | D67: i3 | E67: 12th | F67: 4 | G67: 4 | H67: 0 | I67: 8 | J67: 4.4 | K67: 3.5 | L67: N/A | M67: N/A | N67: 12 | O67: 60 | P67: 128 | Q67: Up to DDR5-4800, Up to DDR4-3200 | R67: 20 | S67: LGA1700 | T67: UHD 730 | U67: 1.45 | V67: Yes | W67: Yes | X67: No | Y67: No | Z67: HDMI: 4096 x 2160 @ 60Hz DP: 7680 x 4320 @ 60Hz eDP: 5120 x 3200 @ 120Hz | AA67: =IFERROR(VLOOKUP(B67, Prices!A:I, 9, FALSE), "")
A68: Intel | B68: =TRIM(A68) & " Core " & TRIM(C68) -> Intel Core i3-12100 | C68: i3-12100 | D68: i3 | E68: 12th | F68: 4 | G68: 4 | H68: 0 | I68: 8 | J68: 4.3 | K68: 3.3 | L68: N/A | M68: N/A | N68: 12 | O68: 60 | P68: 128 | Q68: Up to DDR5-4800, Up to DDR4-3200 | R68: 20 | S68: LGA1700 | T68: UHD 730 | U68: 1.4 | V68: Yes | W68: Yes | X68: No | Y68: No | Z68: HDMI: 4096 x 2160 @ 60Hz DP: 7680 x 4320 @ 60Hz eDP: 5120 x 3200 @ 120Hz | AA68: =IFERROR(VLOOKUP(B68, Prices!A:I, 9, FALSE), "") -> 224.87
A69: Intel | B69: =TRIM(A69) & " Core " & TRIM(C69) -> Intel Core i3-12100F | C69: i3-12100F | D69: i3 | E69: 12th | F69: 4 | G69: 4 | H69: 0 | I69: 8 | J69: 4.3 | K69: 3.3 | L69: N/A | M69: N/A | N69: 12 | O69: 58 | P69: 128 | Q69: Up to DDR5-4800, Up to DDR4-3200 | R69: 20 | S69: LGA1700 | T69: No | U69: N/A | V69: Yes | W69: Yes | X69: No | Y69: No | Z69: N/A | AA69: =IFERROR(VLOOKUP(B69, Prices!A:I, 9, FALSE), "") -> 94.27
A70: Intel | B70: =TRIM(A70) & " Core " & TRIM(C70) -> Intel Core i5-12600T | C70: i5-12600T | D70: i5 | E70: 12th | F70: 6 | G70: 6 | H70: 0 | I70: 12 | J70: 4.6 | K70: 2.1 | L70: N/A | M70: N/A | N70: 18 | O70: 35 | P70: 128 | Q70: Up to DDR5-4800, Up to DDR4-3200 | R70: 20 | S70: LGA1700 | T70: UHD 770 | U70: 1.45 | V70: Yes | W70: Yes | X70: No | Y70: Yes | Z70: HDMI: 4096 x 2160 @ 60Hz DP: 7680 x 4320 @ 60Hz eDP: 5120 x 3200 @ 120Hz | AA70: =IFERROR(VLOOKUP(B70, Prices!A:I, 9, FALSE), "")
A71: Intel | B71: =TRIM(A71) & " Core " & TRIM(C71) -> Intel Core i3-12300T | C71: i3-12300T | D71: i3 | E71: 12th | F71: 4 | G71: 4 | H71: 0 | I71: 8 | J71: 4.2 | K71: 2.3 | L71: N/A | M71: N/A | N71: 12 | O71: 35 | P71: 128 | Q71: Up to DDR5-4800, Up to DDR4-3200 | R71: 20 | S71: LGA1700 | T71: UHD 730 | U71: 1.45 | V71: Yes | W71: Yes | X71: No | Y71: No | Z71: HDMI: 4096 x 2160 @ 60Hz DP: 7680 x 4320 @ 60Hz eDP: 5120 x 3200 @ 120Hz | AA71: =IFERROR(VLOOKUP(B71, Prices!A:I, 9, FALSE), "")
A72: Intel | B72: =TRIM(A72) & " Core " & TRIM(C72) -> Intel Core i3-12100T | C72: i3-12100T | D72: i3 | E72: 12th | F72: 4 | G72: 4 | H72: 0 | I72: 8 | J72: 4.1 | K72: 2.2 | L72: N/A | M72: N/A | N72: 12 | O72: 35 | P72: 128 | Q72: Up to DDR5-4800, Up to DDR4-3200 | R72: 20 | S72: LGA1700 | T72: UHD 730 | U72: 1.4 | V72: Yes | W72: Yes | X72: No | Y72: No | Z72: HDMI: 4096 x 2160 @ 60Hz DP: 7680 x 4320 @ 60Hz eDP: 5120 x 3200 @ 120Hz | AA72: =IFERROR(VLOOKUP(B72, Prices!A:I, 9, FALSE), "") -> 0
A73: Intel | B73: =TRIM(A73) & " Core " & TRIM(C73) -> Intel Core i7-11700 | C73: i7-11700 | D73: =LEFT(C73,2) -> i7 | E73: 11th | F73: 8 | G73: N/A | H73: N/A | I73: 16 | J73: 4.9 | K73: N/A | L73: N/A | M73: 2.5 | N73: 16 | O73: 65 | P73: 128 | Q73: DDR4-3200 | R73: 20 | S73: LGA1200 | T73: UHD 750 | U73: 1.3 | V73: Yes | W73: Yes | X73: Yes | Y73: Yes | Z73: HDMI: 4096 x 2304 @ 24Hz DP: 3840 x 2160 @ 60Hz eDP: 3840x 2160 @ 60Hz | AA73: =IFERROR(VLOOKUP(B73, Prices!A:I, 9, FALSE), "") -> 0
A74: Intel | B74: =TRIM(A74) & " Core " & TRIM(C74) -> Intel Core i9-11900T | C74: i9-11900T | D74: =LEFT(C74,2) -> i9 | E74: 11th | F74: 8 | G74: N/A | H74: N/A | I74: 16 | J74: 4.9 | K74: N/A | L74: N/A | M74: 1.5 | N74: 16 | O74: 35 | P74: 128 | Q74: DDR4-3200 | R74: 20 | S74: LGA1200 | T74: UHD 750 | U74: 1.3 | V74: Yes | W74: Yes | X74: Yes | Y74: Yes | Z74: HDMI: 4096 x 2160 @ 60Hz DP: 5120 x 3200 @ 60Hz eDP: 5120 x 3200 @60Hz | AA74: =IFERROR(VLOOKUP(B74, Prices!A:I, 9, FALSE), "")
A75: Intel | B75: =TRIM(A75) & " Core " & TRIM(C75) -> Intel Core i9-11900KF | C75: i9-11900KF | D75: =LEFT(C75,2) -> i9 | E75: 11th | F75: 8 | G75: N/A | H75: N/A | I75: 16 | J75: 5.2 | K75: N/A | L75: N/A | M75: 3.5 | N75: 16 | O75: 125 | P75: 128 | Q75: DDR4-3200 | R75: 20 | S75: LGA1200 | T75: No | U75: N/A | V75: Yes | W75: Yes | X75: Yes | Y75: No | Z75: N/A | AA75: =IFERROR(VLOOKUP(B75, Prices!A:I, 9, FALSE), "")
A76: Intel | B76: =TRIM(A76) & " Core " & TRIM(C76) -> Intel Core i9-11900K | C76: i9-11900K | D76: =LEFT(C76,2) -> i9 | E76: 11th | F76: 8 | G76: N/A | H76: N/A | I76: 16 | J76: 5.3 | K76: N/A | L76: N/A | M76: 3.5 | N76: 16 | O76: 125 | P76: 128 | Q76: DDR4-3200 | R76: 20 | S76: LGA1200 | T76: UHD 750 | U76: 1.3 | V76: Yes | W76: Yes | X76: Yes | Y76: Yes | Z76: HDMI: 4096 x 2160 @ 60Hz DP: 5120 x 3200 @ 60Hz eDP: 5120 x 3200 @60Hz | AA76: =IFERROR(VLOOKUP(B76, Prices!A:I, 9, FALSE), "") -> 429
A77: Intel | B77: =TRIM(A77) & " Core " & TRIM(C77) -> Intel Core i9-11900F | C77: i9-11900F | D77: =LEFT(C77,2) -> i9 | E77: 11th | F77: 8 | G77: N/A | H77: N/A | I77: 16 | J77: 5.2 | K77: N/A | L77: N/A | M77: 2.5 | N77: 16 | O77: 65 | P77: 128 | Q77: DDR4-3200 | R77: 20 | S77: LGA1200 | T77: No | U77: N/A | V77: Yes | W77: Yes | X77: Yes | Y77: No | Z77: N/A | AA77: =IFERROR(VLOOKUP(B77, Prices!A:I, 9, FALSE), "") -> 0
A78: Intel | B78: =TRIM(A78) & " Core " & TRIM(C78) -> Intel Core i9-11900 | C78: i9-11900 | D78: =LEFT(C78,2) -> i9 | E78: 11th | F78: 8 | G78: N/A | H78: N/A | I78: 16 | J78: 5.2 | K78: N/A | L78: N/A | M78: 2.5 | N78: 16 | O78: 65 | P78: 128 | Q78: DDR4-3200 | R78: 20 | S78: LGA1200 | T78: UHD 750 | U78: 1.3 | V78: Yes | W78: Yes | X78: Yes | Y78: Yes | Z78: HDMI: 4096 x 2160 @ 60Hz DP: 5120 x 3200 @ 60Hz eDP: 5120 x 3200 @60Hz | AA78: =IFERROR(VLOOKUP(B78, Prices!A:I, 9, FALSE), "") -> 0
A79: Intel | B79: =TRIM(A79) & " Core " & TRIM(C79) -> Intel Core i7-11700T | C79: i7-11700T | D79: =LEFT(C79,2) -> i7 | E79: 11th | F79: 8 | G79: N/A | H79: N/A | I79: 16 | J79: 4.6 | K79: N/A | L79: N/A | M79: 1.4 | N79: 16 | O79: 35 | P79: 128 | Q79: DDR4-3200 | R79: 20 | S79: LGA1200 | T79: UHD 750 | U79: 1.3 | V79: Yes | W79: Yes | X79: Yes | Y79: Yes | Z79: HDMI: 4096 x 2160 @ 60Hz DP: 5120 x 3200 @ 60Hz eDP: 5120 x 3200 @60Hz | AA79: =IFERROR(VLOOKUP(B79, Prices!A:I, 9, FALSE), "")
A80: Intel | B80: =TRIM(A80) & " Core " & TRIM(C80) -> Intel Core i7-11700KF | C80: i7-11700KF | D80: =LEFT(C80,2) -> i7 | E80: 11th | F80: 8 | G80: N/A | H80: N/A | I80: 16 | J80: 5 | K80: N/A | L80: N/A | M80: 3.6 | N80: 16 | O80: 125 | P80: 128 | Q80: DDR4-3200 | R80: 20 | S80: LGA1200 | T80: No | U80: N/A | V80: Yes | W80: Yes | X80: Yes | Y80: No | Z80: N/A | AA80: =IFERROR(VLOOKUP(B80, Prices!A:I, 9, FALSE), "") -> 439.99
A81: Intel | B81: =TRIM(A81) & " Core " & TRIM(C81) -> Intel Core i7-11700K | C81: i7-11700K | D81: =LEFT(C81,2) -> i7 | E81: 11th | F81: 8 | G81: N/A | H81: N/A | I81: 16 | J81: 5 | K81: N/A | L81: N/A | M81: 3.6 | N81: 16 | O81: 125 | P81: 128 | Q81: DDR4-3200 | R81: 20 | S81: LGA1200 | T81: UHD 750 | U81: 1.3 | V81: Yes | W81: Yes | X81: Yes | Y81: Yes | Z81: HDMI: 4096 x 2160 @ 60Hz DP: 5120 x 3200 @ 60Hz eDP: 5120 x 3200 @60Hz | AA81: =IFERROR(VLOOKUP(B81, Prices!A:I, 9, FALSE), "") -> 0
A82: Intel | B82: =TRIM(A82) & " Core " & TRIM(C82) -> Intel Core i7-11700F | C82: i7-11700F | D82: =LEFT(C82,2) -> i7 | E82: 11th | F82: 8 | G82: N/A | H82: N/A | I82: 16 | J82: 4.9 | K82: N/A | L82: N/A | M82: 2.5 | N82: 16 | O82: 65 | P82: 128 | Q82: DDR4-3200 | R82: 20 | S82: LGA1200 | T82: No | U82: N/A | V82: Yes | W82: Yes | X82: Yes | Y82: No | Z82: N/A | AA82: =IFERROR(VLOOKUP(B82, Prices!A:I, 9, FALSE), "") -> 0
A83: Intel | B83: =TRIM(A83) & " Core " & TRIM(C83) -> Intel Core i5-11600T | C83: i5-11600T | D83: =LEFT(C83,2) -> i5 | E83: 11th | F83: 6 | G83: N/A | H83: N/A | I83: 12 | J83: 4.1 | K83: N/A | L83: N/A | M83: 1.7 | N83: 12 | O83: 35 | P83: 128 | Q83: DDR4-3200 | R83: 20 | S83: LGA1200 | T83: UHD 750 | U83: 1.3 | V83: Yes | W83: Yes | X83: No | Y83: Yes | Z83: HDMI: 4096 x 2160 @ 60Hz DP: 5120 x 3200 @ 60Hz eDP: 5120 x 3200 @60Hz | AA83: =IFERROR(VLOOKUP(B83, Prices!A:I, 9, FALSE), "")
A84: Intel | B84: =TRIM(A84) & " Core " & TRIM(C84) -> Intel Core i5-11600KF | C84: i5-11600KF | D84: =LEFT(C84,2) -> i5 | E84: 11th | F84: 6 | G84: N/A | H84: N/A | I84: 12 | J84: 4.9 | K84: N/A | L84: N/A | M84: 3.9 | N84: 12 | O84: 125 | P84: 128 | Q84: DDR4-3200 | R84: 20 | S84: LGA1200 | T84: No | U84: N/A | V84: Yes | W84: Yes | X84: No | Y84: No | Z84: N/A | AA84: =IFERROR(VLOOKUP(B84, Prices!A:I, 9, FALSE), "")
A85: Intel | B85: =TRIM(A85) & " Core " & TRIM(C85) -> Intel Core i5-11600K | C85: i5-11600K | D85: =LEFT(C85,2) -> i5 | E85: 11th | F85: 6 | G85: N/A | H85: N/A | I85: 12 | J85: 4.9 | K85: N/A | L85: N/A | M85: 3.9 | N85: 12 | O85: 125 | P85: 128 | Q85: DDR4-3200 | R85: 20 | S85: LGA1200 | T85: UHD 750 | U85: 1.3 | V85: Yes | W85: Yes | X85: No | Y85: Yes | Z85: HDMI: 4096 x 2160 @ 60Hz DP: 5120 x 3200 @ 60Hz eDP: 5120 x 3200 @60Hz | AA85: =IFERROR(VLOOKUP(B85, Prices!A:I, 9, FALSE), "") -> 199
A86: Intel | B86: =TRIM(A86) & " Core " & TRIM(C86) -> Intel Core i5-11600 | C86: i5-11600 | D86: =LEFT(C86,2) -> i5 | E86: 11th | F86: 6 | G86: N/A | H86: N/A | I86: 12 | J86: 4.8 | K86: N/A | L86: N/A | M86: 2.8 | N86: 12 | O86: 65 | P86: 128 | Q86: DDR4-3200 | R86: 20 | S86: LGA1200 | T86: UHD 750 | U86: 1.3 | V86: Yes | W86: Yes | X86: No | Y86: Yes | Z86: HDMI: 4096 x 2160 @ 60Hz DP: 5120 x 3200 @ 60Hz eDP: 5120 x 3200 @60Hz | AA86: =IFERROR(VLOOKUP(B86, Prices!A:I, 9, FALSE), "") -> 0
A87: Intel | B87: =TRIM(A87) & " Core " & TRIM(C87) -> Intel Core i5-11500T | C87: i5-11500T | D87: =LEFT(C87,2) -> i5 | E87: 11th | F87: 6 | G87: N/A | H87: N/A | I87: 12 | J87: 3.9 | K87: N/A | L87: N/A | M87: 1.5 | N87: 12 | O87: 35 | P87: 128 | Q87: DDR4-3200 | R87: 20 | S87: LGA1200 | T87: UHD 750 | U87: 1.2 | V87: Yes | W87: Yes | X87: No | Y87: Yes | Z87: HDMI: 4096 x 2160 @ 60Hz DP: 5120 x 3200 @ 60Hz eDP: 5120 x 3200 @60Hz | AA87: =IFERROR(VLOOKUP(B87, Prices!A:I, 9, FALSE), "")
A88: Intel | B88: =TRIM(A88) & " Core " & TRIM(C88) -> Intel Core i5-11500 | C88: i5-11500 | D88: =LEFT(C88,2) -> i5 | E88: 11th | F88: 6 | G88: N/A | H88: N/A | I88: 12 | J88: 4.6 | K88: N/A | L88: N/A | M88: 2.7 | N88: 12 | O88: 65 | P88: 128 | Q88: DDR4-3200 | R88: 20 | S88: LGA1200 | T88: UHD 750 | U88: 1.3 | V88: Yes | W88: Yes | X88: No | Y88: Yes | Z88: HDMI: 4096 x 2160 @ 60Hz DP: 5120 x 3200 @ 60Hz eDP: 5120 x 3200 @ 60Hz | AA88: =IFERROR(VLOOKUP(B88, Prices!A:I, 9, FALSE), "")
A89: Intel | B89: =TRIM(A89) & " Core " & TRIM(C89) -> Intel Core i5-11400F | C89: i5-11400F | D89: =LEFT(C89,2) -> i5 | E89: 11th | F89: 6 | G89: N/A | H89: N/A | I89: 12 | J89: 4.4 | K89: N/A | L89: N/A | M89: 2.6 | N89: 12 | O89: 65 | P89: 128 | Q89: DDR4-3200 | R89: 20 | S89: LGA1200 | T89: No | U89: N/A | V89: Yes | W89: Yes | X89: No | Y89: No | Z89: N/A | AA89: =IFERROR(VLOOKUP(B89, Prices!A:I, 9, FALSE), "") -> 0
A90: Intel | B90: =TRIM(A90) & " Core " & TRIM(C90) -> Intel Core i3-10325 | C90: i3-10325 | D90: =LEFT(C90,2) -> i3 | E90: 10th | F90: 4 | G90: N/A | H90: N/A | I90: 8 | J90: 4.7 | K90: N/A | L90: N/A | M90: 3.9 | N90: 8 | O90: 65 | P90: 128 | Q90: DDR4-2666 | R90: 16 | S90: LGA1200 | T90: UHD 630 | U90: 1.15 | V90: Yes | W90: Yes | X90: No | Y90: No | Z90: HDMI: 4096 x 2160 @ 30Hz DP: 4096 x 2304 @ 60Hz eDP: 4096 x 2304 @ 60Hz | AA90: =IFERROR(VLOOKUP(B90, Prices!A:I, 9, FALSE), "") -> 0
A91: Intel | B91: =TRIM(A91) & " Core " & TRIM(C91) -> Intel Core i3-10305T | C91: i3-10305T | D91: =LEFT(C91,2) -> i3 | E91: 10th | F91: 4 | G91: N/A | H91: N/A | I91: 8 | J91: 4 | K91: N/A | L91: N/A | M91: 3 | N91: 8 | O91: 35 | P91: 128 | Q91: DDR4-2666 | R91: 16 | S91: LGA1200 | T91: UHD 630 | U91: 1.1 | V91: Yes | W91: Yes | X91: No | Y91: No | Z91: HDMI: 4096 x 2160 @ 30Hz DP: 4096 x 2304 @ 60Hz eDP: 4096 x 2304 @ 60Hz | AA91: =IFERROR(VLOOKUP(B91, Prices!A:I, 9, FALSE), "")
A92: Intel | B92: =TRIM(A92) & " Core " & TRIM(C92) -> Intel Core i3-10305 | C92: i3-10305 | D92: =LEFT(C92,2) -> i3 | E92: 10th | F92: 4 | G92: N/A | H92: N/A | I92: 8 | J92: 4.5 | K92: N/A | L92: N/A | M92: 3.8 | N92: 8 | O92: 65 | P92: 128 | Q92: DDR4-2666 | R92: 16 | S92: LGA1200 | T92: UHD 630 | U92: 1.15 | V92: Yes | W92: Yes | X92: No | Y92: No | Z92: HDMI: 4096 x 2160 @ 30Hz DP: 4096 x 2304 @ 60Hz eDP: 4096 x 2304 @ 60Hz | AA92: =IFERROR(VLOOKUP(B92, Prices!A:I, 9, FALSE), "") -> 0
A93: Intel | B93: =TRIM(A93) & " Core " & TRIM(C93) -> Intel Core i3-10105T | C93: i3-10105T | D93: =LEFT(C93,2) -> i3 | E93: 10th | F93: 4 | G93: N/A | H93: N/A | I93: 8 | J93: 3.9 | K93: N/A | L93: N/A | M93: 3 | N93: 6 | O93: 35 | P93: 128 | Q93: DDR4-2666 | R93: 16 | S93: LGA1200 | T93: UHD 630 | U93: 1.1 | V93: Yes | W93: Yes | X93: No | Y93: No | Z93: HDMI: 4096 x 2160 @ 30Hz DP: 4096 x 2304 @ 60Hz eDP: 4096 x 2304 @ 60Hz | AA93: =IFERROR(VLOOKUP(B93, Prices!A:I, 9, FALSE), "")
A94: Intel | B94: =TRIM(A94) & " Core " & TRIM(C94) -> Intel Core i3-10105 | C94: i3-10105 | D94: =LEFT(C94,2) -> i3 | E94: 10th | F94: 4 | G94: N/A | H94: N/A | I94: 8 | J94: 4.4 | K94: N/A | L94: N/A | M94: 3.7 | N94: 6 | O94: 65 | P94: 128 | Q94: DDR4-2666 | R94: 16 | S94: LGA1200 | T94: UHD 630 | U94: 1.1 | V94: Yes | W94: Yes | X94: No | Y94: No | Z94: HDMI: 4096 x 2160 @ 30Hz DP: 4096 x 2304 @ 60Hz eDP: 4096 x 2304 @ 60Hz | AA94: =IFERROR(VLOOKUP(B94, Prices!A:I, 9, FALSE), "")
A95: Intel | B95: =TRIM(A95) & " Core " & TRIM(C95) -> Intel Core i3-10105F | C95: i3-10105F | D95: =LEFT(C95,2) -> i3 | E95: 10th | F95: 4 | G95: N/A | H95: N/A | I95: 8 | J95: 4.4 | K95: N/A | L95: N/A | M95: 3.7 | N95: 6 | O95: 65 | P95: 128 | Q95: DDR4-2666 | R95: 16 | S95: LGA1200 | T95: No | U95: N/A | V95: Yes | W95: Yes | X95: No | Y95: No | Z95: N/A | AA95: =IFERROR(VLOOKUP(B95, Prices!A:I, 9, FALSE), "")
A96: Intel | B96: =TRIM(A96) & " Core " & TRIM(C96) -> Intel Core i3-10100F | C96: i3-10100F | D96: =LEFT(C96,2) -> i3 | E96: 10th | F96: 4 | G96: N/A | H96: N/A | I96: 8 | J96: 4.3 | K96: N/A | L96: N/A | M96: 3.6 | N96: 6 | O96: 65 | P96: 128 | Q96: DDR4-2666 | R96: 16 | S96: LGA1200 | T96: No | U96: N/A | V96: Yes | W96: Yes | X96: No | Y96: No | Z96: N/A | AA96: =IFERROR(VLOOKUP(B96, Prices!A:I, 9, FALSE), "") -> 0
A97: Intel | B97: =TRIM(A97) & " Core " & TRIM(C97) -> Intel Core i9-10850K | C97: i9-10850K | D97: =LEFT(C97,2) -> i9 | E97: 10th | F97: 10 | G97: N/A | H97: N/A | I97: 20 | J97: 5.2 | K97: N/A | L97: N/A | M97: 3.6 | N97: 20 | O97: 125 | P97: 128 | Q97: DDR4-2933 | R97: 16 | S97: LGA1200 | T97: UHD 630 | U97: 1.2 | V97: Yes | W97: Yes | X97: Yes | Y97: No | Z97: HDMI: 4096 x 2160 @ 30Hz DP: 4096 x 2304 @ 60Hz eDP: 4096 x 2304 @ 60Hz | AA97: =IFERROR(VLOOKUP(B97, Prices!A:I, 9, FALSE), "") -> 0
A98: Intel | B98: =TRIM(A98) & " Core " & TRIM(C98) -> Intel Core i9-10900T | C98: i9-10900T | D98: =LEFT(C98,2) -> i9 | E98: 10th | F98: 10 | G98: N/A | H98: N/A | I98: 20 | J98: 4.6 | K98: N/A | L98: N/A | M98: 1.9 | N98: 20 | O98: 35 | P98: 128 | Q98: DDR4-2933 | R98: 16 | S98: LGA1200 | T98: UHD 630 | U98: 1.2 | V98: Yes | W98: Yes | X98: Yes | Y98: Yes | Z98: HDMI: 4096 x 2160 @ 30Hz DP: 4096 x 2304 @ 60Hz eDP: 4096 x 2304 @ 60Hz | AA98: =IFERROR(VLOOKUP(B98, Prices!A:I, 9, FALSE), "")
A99: Intel | B99: =TRIM(A99) & " Core " & TRIM(C99) -> Intel Core i9-10900KF | C99: i9-10900KF | D99: =LEFT(C99,2) -> i9 | E99: 10th | F99: 10 | G99: N/A | H99: N/A | I99: 20 | J99: 5.3 | K99: N/A | L99: N/A | M99: 3.7 | N99: 20 | O99: 125 | P99: 128 | Q99: DDR4-2933 | R99: 16 | S99: LGA1200 | T99: No | U99: N/A | V99: Yes | W99: Yes | X99: Yes | Y99: No | Z99: N/A | AA99: =IFERROR(VLOOKUP(B99, Prices!A:I, 9, FALSE), "")
A100: Intel | B100: =TRIM(A100) & " Core " & TRIM(C100) -> Intel Core i9-10900K | C100: i9-10900K | D100: =LEFT(C100,2) -> i9 | E100: 10th | F100: 10 | G100: N/A | H100: N/A | I100: 20 | J100: 5.3 | K100: N/A | L100: N/A | M100: 3.7 | N100: 20 | O100: 125 | P100: 128 | Q100: DDR4-2933 | R100: 16 | S100: LGA1200 | T100: UHD 630 | U100: 1.2 | V100: Yes | W100: Yes | X100: Yes | Y100: Yes | Z100: HDMI: 4096 x 2160 @ 30Hz DP: 4096 x 2304 @ 60Hz eDP: 4096 x 2304 @ 60Hz | AA100: =IFERROR(VLOOKUP(B100, Prices!A:I, 9, FALSE), "") -> 0
...

Sheet BIG
A1: [Quad CPU] | B1: [Dual CPU] | C1: Full | D1: Producer | G1: Model | I1: a | J1: Socket | K1: ClockSpeed | L1: TurboSpeed | M1: Cores | N1: Threads | O1: TDP | P1: ReleaseDate | Q1: SourceUrl | R1: =IF(COUNTIF(cpus!B:B, C1)>0, "found", "Missing") -> Missing | S1: =IF(COUNTIF(cpus!C:C, G1)>0, "found", "Missing") -> Missing
A2: =IF(COUNTIF(C2,"*Quad CPU]*"),"found","missing") -> missing | B2: =IF(COUNTIF(C2,"*[Dual CPU]*"),"found","missing") -> missing | C2: =SUBSTITUTE(SUBSTITUTE(SUBSTITUTE(SUBSTITUTE(SUBSTITUTE(I2," Dual Core","")," Quad Core","")," Quad-Core","")," Dual-Core","")," APU","") -> 686 Gen | D2: =IF(ISNUMBER(SEARCH("AMD",H2)),"AMD", IF(ISNUMBER(SEARCH("Intel",H2)),"Intel", IF(ISNUMBER(SEARCH("Apple",H2)),"Apple", IF(ISNUMBER(SEARCH("ARM",H2)),"ARM", IF(ISNUMBER(SEARCH("Google",H2)),"Google", IF(ISNUMBER(SEARCH("MediaTek",H2)),"MediaTek", IF(ISNUMBER(SEARCH("Qualcomm",H2)),"Qualcomm", IF(ISNUMBER(SEARCH("Samsung",H2)),"Samsung", IF(ISNUMBER(SEARCH("Snapdragon",H2)),"Snapdragon",""))))))))) | E2: =TRIM(SUBSTITUTE(SUBSTITUTE(SUBSTITUTE(SUBSTITUTE(SUBSTITUTE(SUBSTITUTE(SUBSTITUTE(SUBSTITUTE(SUBSTITUTE(H2, "Apple",""),"ARM",""),"Google",""),"MediaTek",""),"Qualcomm",""),"Samsung",""),"Snapdragon",""),"Intel",""),"AMD","")) -> 686 Gen | F2: =TRIM(SUBSTITUTE(SUBSTITUTE(SUBSTITUTE(SUBSTITUTE(SUBSTITUTE(SUBSTITUTE(SUBSTITUTE(SUBSTITUTE(SUBSTITUTE(E2, "Core2 Extreme",""),"Core2 Quad",""),"Core2 Duo",""),"Core",""), "Pentium Gold",""),"Pentium",""), "Xeon Platinum",""),"Xeon Gold",""),"Xeon Silver","")) -> 686 Gen | G2: =TRIM(SUBSTITUTE(F2,"Xeon","")) -> 686 Gen | H2: =IFERROR(LEFT(C2, SEARCH(" @", C2) - 1), C2) -> 686 Gen | I2: 686 Gen | M2: 1 | N2: 1 | O2: -1 W | P2: Q1 2009 | Q2: https://www.cpubenchmark.net/cpu.php?cpu=686 Gen&id=1495 | R2: =IF(COUNTIF(cpus!B:B, C2)>0, "found", "Missing") -> Missing | S2: =IF(COUNTIF(cpus!C:C, G2)>0, "found", "Missing") -> Missing
A3: =IF(COUNTIF(C3,"*Quad CPU]*"),"found","missing") -> missing | B3: =IF(COUNTIF(C3,"*[Dual CPU]*"),"found","missing") -> missing | C3: =SUBSTITUTE(SUBSTITUTE(SUBSTITUTE(SUBSTITUTE(SUBSTITUTE(I3," Dual Core","")," Quad Core","")," Quad-Core","")," Dual-Core","")," APU","") -> AArch64 | D3: =IF(ISNUMBER(SEARCH("AMD",H3)),"AMD", IF(ISNUMBER(SEARCH("Intel",H3)),"Intel", IF(ISNUMBER(SEARCH("Apple",H3)),"Apple", IF(ISNUMBER(SEARCH("ARM",H3)),"ARM", IF(ISNUMBER(SEARCH("Google",H3)),"Google", IF(ISNUMBER(SEARCH("MediaTek",H3)),"MediaTek", IF(ISNUMBER(SEARCH("Qualcomm",H3)),"Qualcomm", IF(ISNUMBER(SEARCH("Samsung",H3)),"Samsung", IF(ISNUMBER(SEARCH("Snapdragon",H3)),"Snapdragon",""))))))))) | E3: =TRIM(SUBSTITUTE(SUBSTITUTE(SUBSTITUTE(SUBSTITUTE(SUBSTITUTE(SUBSTITUTE(SUBSTITUTE(SUBSTITUTE(SUBSTITUTE(H3, "Apple",""),"ARM",""),"Google",""),"MediaTek",""),"Qualcomm",""),"Samsung",""),"Snapdragon",""),"Intel",""),"AMD","")) -> AArch64 | F3: =TRIM(SUBSTITUTE(SUBSTITUTE(SUBSTITUTE(SUBSTITUTE(SUBSTITUTE(SUBSTITUTE(SUBSTITUTE(SUBSTITUTE(SUBSTITUTE(E3, "Core2 Extreme",""),"Core2 Quad",""),"Core2 Duo",""),"Core",""), "Pentium Gold",""),"Pentium",""), "Xeon Platinum",""),"Xeon Gold",""),"Xeon Silver","")) -> AArch64 | G3: =TRIM(SUBSTITUTE(F3,"Xeon","")) -> AArch64 | H3: =IFERROR(LEFT(C3, SEARCH(" @", C3) - 1), C3) -> AArch64 | I3: AArch64 | K3: 1.3 GHz | M3: 4 | N3: 4 | P3: Q1 2024 | Q3: https://www.cpubenchmark.net/cpu.php?cpu=AArch64&id=5934 | R3: =IF(COUNTIF(cpus!B:B, C3)>0, "found", "Missing") -> Missing | S3: =IF(COUNTIF(cpus!C:C, G3)>0, "found", "Missing") -> Missing
A4: =IF(COUNTIF(C4,"*Quad CPU]*"),"found","missing") -> missing | B4: =IF(COUNTIF(C4,"*[Dual CPU]*"),"found","missing") -> missing | C4: =SUBSTITUTE(SUBSTITUTE(SUBSTITUTE(SUBSTITUTE(SUBSTITUTE(I4," Dual Core","")," Quad Core","")," Quad-Core","")," Dual-Core","")," APU","") -> AArch64 rev 2 (aarch64) | D4: =IF(ISNUMBER(SEARCH("AMD",H4)),"AMD", IF(ISNUMBER(SEARCH("Intel",H4)),"Intel", IF(ISNUMBER(SEARCH("Apple",H4)),"Apple", IF(ISNUMBER(SEARCH("ARM",H4)),"ARM", IF(ISNUMBER(SEARCH("Google",H4)),"Google", IF(ISNUMBER(SEARCH("MediaTek",H4)),"MediaTek", IF(ISNUMBER(SEARCH("Qualcomm",H4)),"Qualcomm", IF(ISNUMBER(SEARCH("Samsung",H4)),"Samsung", IF(ISNUMBER(SEARCH("Snapdragon",H4)),"Snapdragon",""))))))))) | E4: =TRIM(SUBSTITUTE(SUBSTITUTE(SUBSTITUTE(SUBSTITUTE(SUBSTITUTE(SUBSTITUTE(SUBSTITUTE(SUBSTITUTE(SUBSTITUTE(H4, "Apple",""),"ARM",""),"Google",""),"MediaTek",""),"Qualcomm",""),"Samsung",""),"Snapdragon",""),"Intel",""),"AMD","")) -> AArch64 rev 2 (aarch64) | F4: =TRIM(SUBSTITUTE(SUBSTITUTE(SUBSTITUTE(SUBSTITUTE(SUBSTITUTE(SUBSTITUTE(SUBSTITUTE(SUBSTITUTE(SUBSTITUTE(E4, "Core2 Extreme",""),"Core2 Quad",""),"Core2 Duo",""),"Core",""), "Pentium Gold",""),"Pentium",""), "Xeon Platinum",""),"Xeon Gold",""),"Xeon Silver","")) -> AArch64 rev 2 (aarch64) | G4: =TRIM(SUBSTITUTE(F4,"Xeon","")) -> AArch64 rev 2 (aarch64) | H4: =IFERROR(LEFT(C4, SEARCH(" @", C4) - 1), C4) -> AArch64 rev 2 (aarch64) | I4: AArch64 rev 2 (aarch64) | K4: 2.2 GHz | M4: 8 | N4: 8 | P4: Q1 2021 | Q4: https://www.cpubenchmark.net/cpu.php?cpu=AArch64 rev 2 (aarch64)&id=4017 | R4: =IF(COUNTIF(cpus!B:B, C4)>0, "found", "Missing") -> Missing | S4: =IF(COUNTIF(cpus!C:C, G4)>0, "found", "Missing") -> Missing
A5: =IF(COUNTIF(C5,"*Quad CPU]*"),"found","missing") -> missing | B5: =IF(COUNTIF(C5,"*[Dual CPU]*"),"found","missing") -> missing | C5: =SUBSTITUTE(SUBSTITUTE(SUBSTITUTE(SUBSTITUTE(SUBSTITUTE(I5," Dual Core","")," Quad Core","")," Quad-Core","")," Dual-Core","")," APU","") -> AArch64 rev 4 (aarch64) | D5: =IF(ISNUMBER(SEARCH("AMD",H5)),"AMD", IF(ISNUMBER(SEARCH("Intel",H5)),"Intel", IF(ISNUMBER(SEARCH("Apple",H5)),"Apple", IF(ISNUMBER(SEARCH("ARM",H5)),"ARM", IF(ISNUMBER(SEARCH("Google",H5)),"Google", IF(ISNUMBER(SEARCH("MediaTek",H5)),"MediaTek", IF(ISNUMBER(SEARCH("Qualcomm",H5)),"Qualcomm", IF(ISNUMBER(SEARCH("Samsung",H5)),"Samsung", IF(ISNUMBER(SEARCH("Snapdragon",H5)),"Snapdragon",""))))))))) | E5: =TRIM(SUBSTITUTE(SUBSTITUTE(SUBSTITUTE(SUBSTITUTE(SUBSTITUTE(SUBSTITUTE(SUBSTITUTE(SUBSTITUTE(SUBSTITUTE(H5, "Apple",""),"ARM",""),"Google",""),"MediaTek",""),"Qualcomm",""),"Samsung",""),"Snapdragon",""),"Intel",""),"AMD","")) -> AArch64 rev 4 (aarch64) | F5: =TRIM(SUBSTITUTE(SUBSTITUTE(SUBSTITUTE(SUBSTITUTE(SUBSTITUTE(SUBSTITUTE(SUBSTITUTE(SUBSTITUTE(SUBSTITUTE(E5, "Core2 Extreme",""),"Core2 Quad",""),"Core2 Duo",""),"Core",""), "Pentium Gold",""),"Pentium",""), "Xeon Platinum",""),"Xeon Gold",""),"Xeon Silver","")) -> AArch64 rev 4 (aarch64) | G5: =TRIM(SUBSTITUTE(F5,"Xeon","")) -> AArch64 rev 4 (aarch64) | H5: =IFERROR(LEFT(C5, SEARCH(" @", C5) - 1), C5) -> AArch64 rev 4 (aarch64) | I5: AArch64 rev 4 (aarch64) | K5: 2.1 GHz | M5: 8 | N5: 8 | P5: Q1 2021 | Q5: https://www.cpubenchmark.net/cpu.php?cpu=AArch64 rev 4 (aarch64)&id=3916 | R5: =IF(COUNTIF(cpus!B:B, C5)>0, "found", "Missing") -> Missing | S5: =IF(COUNTIF(cpus!C:C, G5)>0, "found", "Missing") -> Missing
A6: =IF(COUNTIF(C6,"*Quad CPU]*"),"found","missing") -> missing | B6: =IF(COUNTIF(C6,"*[Dual CPU]*"),"found","missing") -> missing | C6: =SUBSTITUTE(SUBSTITUTE(SUBSTITUTE(SUBSTITUTE(SUBSTITUTE(I6," Dual Core","")," Quad Core","")," Quad-Core","")," Dual-Core","")," APU","") -> AC8257V-WAB | D6: =IF(ISNUMBER(SEARCH("AMD",H6)),"AMD", IF(ISNUMBER(SEARCH("Intel",H6)),"Intel", IF(ISNUMBER(SEARCH("Apple",H6)),"Apple", IF(ISNUMBER(SEARCH("ARM",H6)),"ARM", IF(ISNUMBER(SEARCH("Google",H6)),"Google", IF(ISNUMBER(SEARCH("MediaTek",H6)),"MediaTek", IF(ISNUMBER(SEARCH("Qualcomm",H6)),"Qualcomm", IF(ISNUMBER(SEARCH("Samsung",H6)),"Samsung", IF(ISNUMBER(SEARCH("Snapdragon",H6)),"Snapdragon",""))))))))) | E6: =TRIM(SUBSTITUTE(SUBSTITUTE(SUBSTITUTE(SUBSTITUTE(SUBSTITUTE(SUBSTITUTE(SUBSTITUTE(SUBSTITUTE(SUBSTITUTE(H6, "Apple",""),"ARM",""),"Google",""),"MediaTek",""),"Qualcomm",""),"Samsung",""),"Snapdragon",""),"Intel",""),"AMD","")) -> AC8257V-WAB | F6: =TRIM(SUBSTITUTE(SUBSTITUTE(SUBSTITUTE(SUBSTITUTE(SUBSTITUTE(SUBSTITUTE(SUBSTITUTE(SUBSTITUTE(SUBSTITUTE(E6, "Core2 Extreme",""),"Core2 Quad",""),"Core2 Duo",""),"Core",""), "Pentium Gold",""),"Pentium",""), "Xeon Platinum",""),"Xeon Gold",""),"Xeon Silver","")) -> AC8257V-WAB | G6: =TRIM(SUBSTITUTE(F6,"Xeon","")) -> AC8257V-WAB | H6: =IFERROR(LEFT(C6, SEARCH(" @", C6) - 1), C6) -> AC8257V-WAB | I6: AC8257V-WAB | K6: 2.0 GHz | M6: 8 | N6: 8 | P6: Q1 2021 | Q6: https://www.cpubenchmark.net/cpu.php?cpu=AC8257V-WAB&id=3980 | R6: =IF(COUNTIF(cpus!B:B, C6)>0, "found", "Missing") -> Missing | S6: =IF(COUNTIF(cpus!C:C, G6)>0, "found", "Missing") -> Missing
A7: =IF(COUNTIF(C7,"*Quad CPU]*"),"found","missing") -> missing | B7: =IF(COUNTIF(C7,"*[Dual CPU]*"),"found","missing") -> missing | C7: =SUBSTITUTE(SUBSTITUTE(SUBSTITUTE(SUBSTITUTE(SUBSTITUTE(I7," Dual Core","")," Quad Core","")," Quad-Core","")," Dual-Core","")," APU","") -> AC8259V-WAB | D7: =IF(ISNUMBER(SEARCH("AMD",H7)),"AMD", IF(ISNUMBER(SEARCH("Intel",H7)),"Intel", IF(ISNUMBER(SEARCH("Apple",H7)),"Apple", IF(ISNUMBER(SEARCH("ARM",H7)),"ARM", IF(ISNUMBER(SEARCH("Google",H7)),"Google", IF(ISNUMBER(SEARCH("MediaTek",H7)),"MediaTek", IF(ISNUMBER(SEARCH("Qualcomm",H7)),"Qualcomm", IF(ISNUMBER(SEARCH("Samsung",H7)),"Samsung", IF(ISNUMBER(SEARCH("Snapdragon",H7)),"Snapdragon",""))))))))) | E7: =TRIM(SUBSTITUTE(SUBSTITUTE(SUBSTITUTE(SUBSTITUTE(SUBSTITUTE(SUBSTITUTE(SUBSTITUTE(SUBSTITUTE(SUBSTITUTE(H7, "Apple",""),"ARM",""),"Google",""),"MediaTek",""),"Qualcomm",""),"Samsung",""),"Snapdragon",""),"Intel",""),"AMD","")) -> AC8259V-WAB | F7: =TRIM(SUBSTITUTE(SUBSTITUTE(SUBSTITUTE(SUBSTITUTE(SUBSTITUTE(SUBSTITUTE(SUBSTITUTE(SUBSTITUTE(SUBSTITUTE(E7, "Core2 Extreme",""),"Core2 Quad",""),"Core2 Duo",""),"Core",""), "Pentium Gold",""),"Pentium",""), "Xeon Platinum",""),"Xeon Gold",""),"Xeon Silver","")) -> AC8259V-WAB | G7: =TRIM(SUBSTITUTE(F7,"Xeon","")) -> AC8259V-WAB | H7: =IFERROR(LEFT(C7, SEARCH(" @", C7) - 1), C7) -> AC8259V-WAB | I7: AC8259V-WAB | K7: 2.2 GHz | M7: 8 | N7: 8 | P7: Q1 2024 | Q7: https://www.cpubenchmark.net/cpu.php?cpu=AC8259V-WAB&id=5947 | R7: =IF(COUNTIF(cpus!B:B, C7)>0, "found", "Missing") -> Missing | S7: =IF(COUNTIF(cpus!C:C, G7)>0, "found", "Missing") -> Missing
A8: =IF(COUNTIF(C8,"*Quad CPU]*"),"found","missing") -> missing | B8: =IF(COUNTIF(C8,"*[Dual CPU]*"),"found","missing") -> missing | C8: =SUBSTITUTE(SUBSTITUTE(SUBSTITUTE(SUBSTITUTE(SUBSTITUTE(I8," Dual Core","")," Quad Core","")," Quad-Core","")," Dual-Core","")," APU","") -> Allwinner A133 | D8: =IF(ISNUMBER(SEARCH("AMD",H8)),"AMD", IF(ISNUMBER(SEARCH("Intel",H8)),"Intel", IF(ISNUMBER(SEARCH("Apple",H8)),"Apple", IF(ISNUMBER(SEARCH("ARM",H8)),"ARM", IF(ISNUMBER(SEARCH("Google",H8)),"Google", IF(ISNUMBER(SEARCH("MediaTek",H8)),"MediaTek", IF(ISNUMBER(SEARCH("Qualcomm",H8)),"Qualcomm", IF(ISNUMBER(SEARCH("Samsung",H8)),"Samsung", IF(ISNUMBER(SEARCH("Snapdragon",H8)),"Snapdragon",""))))))))) | E8: =TRIM(SUBSTITUTE(SUBSTITUTE(SUBSTITUTE(SUBSTITUTE(SUBSTITUTE(SUBSTITUTE(SUBSTITUTE(SUBSTITUTE(SUBSTITUTE(H8, "Apple",""),"ARM",""),"Google",""),"MediaTek",""),"Qualcomm",""),"Samsung",""),"Snapdragon",""),"Intel",""),"AMD","")) -> Allwinner A133 | F8: =TRIM(SUBSTITUTE(SUBSTITUTE(SUBSTITUTE(SUBSTITUTE(SUBSTITUTE(SUBSTITUTE(SUBSTITUTE(SUBSTITUTE(SUBSTITUTE(E8, "Core2 Extreme",""),"Core2 Quad",""),"Core2 Duo",""),"Core",""), "Pentium Gold",""),"Pentium",""), "Xeon Platinum",""),"Xeon Gold",""),"Xeon Silver","")) -> Allwinner A133 | G8: =TRIM(SUBSTITUTE(F8,"Xeon","")) -> Allwinner A133 | H8: =IFERROR(LEFT(C8, SEARCH(" @", C8) - 1), C8) -> Allwinner A133 | I8: Allwinner A133 | K8: 1.8 GHz | M8: 4 | N8: 4 | P8: Q2 2023 | Q8: https://www.cpubenchmark.net/cpu.php?cpu=Allwinner A133&id=5410 | R8: =IF(COUNTIF(cpus!B:B, C8)>0, "found", "Missing") -> Missing | S8: =IF(COUNTIF(cpus!C:C, G8)>0, "found", "Missing") -> Missing
A9: =IF(COUNTIF(C9,"*Quad CPU]*"),"found","missing") -> missing | B9: =IF(COUNTIF(C9,"*[Dual CPU]*"),"found","missing") -> missing | C9: =SUBSTITUTE(SUBSTITUTE(SUBSTITUTE(SUBSTITUTE(SUBSTITUTE(I9," Dual Core","")," Quad Core","")," Quad-Core","")," Dual-Core","")," APU","") -> Allwinner A333 | D9: =IF(ISNUMBER(SEARCH("AMD",H9)),"AMD", IF(ISNUMBER(SEARCH("Intel",H9)),"Intel", IF(ISNUMBER(SEARCH("Apple",H9)),"Apple", IF(ISNUMBER(SEARCH("ARM",H9)),"ARM", IF(ISNUMBER(SEARCH("Google",H9)),"Google", IF(ISNUMBER(SEARCH("MediaTek",H9)),"MediaTek", IF(ISNUMBER(SEARCH("Qualcomm",H9)),"Qualcomm", IF(ISNUMBER(SEARCH("Samsung",H9)),"Samsung", IF(ISNUMBER(SEARCH("Snapdragon",H9)),"Snapdragon",""))))))))) | E9: =TRIM(SUBSTITUTE(SUBSTITUTE(SUBSTITUTE(SUBSTITUTE(SUBSTITUTE(SUBSTITUTE(SUBSTITUTE(SUBSTITUTE(SUBSTITUTE(H9, "Apple",""),"ARM",""),"Google",""),"MediaTek",""),"Qualcomm",""),"Samsung",""),"Snapdragon",""),"Intel",""),"AMD","")) -> Allwinner A333 | F9: =TRIM(SUBSTITUTE(SUBSTITUTE(SUBSTITUTE(SUBSTITUTE(SUBSTITUTE(SUBSTITUTE(SUBSTITUTE(SUBSTITUTE(SUBSTITUTE(E9, "Core2 Extreme",""),"Core2 Quad",""),"Core2 Duo",""),"Core",""), "Pentium Gold",""),"Pentium",""), "Xeon Platinum",""),"Xeon Gold",""),"Xeon Silver","")) -> Allwinner A333 | G9: =TRIM(SUBSTITUTE(F9,"Xeon","")) -> Allwinner A333 | H9: =IFERROR(LEFT(C9, SEARCH(" @", C9) - 1), C9) -> Allwinner A333 | I9: Allwinner A333 | K9: 1.8 GHz | M9: 5 | N9: 5 | P9: Q4 2025 | Q9: https://www.cpubenchmark.net/cpu.php?cpu=Allwinner A333&id=6970 | R9: =IF(COUNTIF(cpus!B:B, C9)>0, "found", "Missing") -> Missing | S9: =IF(COUNTIF(cpus!C:C, G9)>0, "found", "Missing") -> Missing
A10: =IF(COUNTIF(C10,"*Quad CPU]*"),"found","missing") -> missing | B10: =IF(COUNTIF(C10,"*[Dual CPU]*"),"found","missing") -> missing | C10: =SUBSTITUTE(SUBSTITUTE(SUBSTITUTE(SUBSTITUTE(SUBSTITUTE(I10," Dual Core","")," Quad Core","")," Quad-Core","")," Dual-Core","")," APU","") -> Allwinner A523 | D10: =IF(ISNUMBER(SEARCH("AMD",H10)),"AMD", IF(ISNUMBER(SEARCH("Intel",H10)),"Intel", IF(ISNUMBER(SEARCH("Apple",H10)),"Apple", IF(ISNUMBER(SEARCH("ARM",H10)),"ARM", IF(ISNUMBER(SEARCH("Google",H10)),"Google", IF(ISNUMBER(SEARCH("MediaTek",H10)),"MediaTek", IF(ISNUMBER(SEARCH("Qualcomm",H10)),"Qualcomm", IF(ISNUMBER(SEARCH("Samsung",H10)),"Samsung", IF(ISNUMBER(SEARCH("Snapdragon",H10)),"Snapdragon",""))))))))) | E10: =TRIM(SUBSTITUTE(SUBSTITUTE(SUBSTITUTE(SUBSTITUTE(SUBSTITUTE(SUBSTITUTE(SUBSTITUTE(SUBSTITUTE(SUBSTITUTE(H10, "Apple",""),"ARM",""),"Google",""),"MediaTek",""),"Qualcomm",""),"Samsung",""),"Snapdragon",""),"Intel",""),"AMD","")) -> Allwinner A523 | F10: =TRIM(SUBSTITUTE(SUBSTITUTE(SUBSTITUTE(SUBSTITUTE(SUBSTITUTE(SUBSTITUTE(SUBSTITUTE(SUBSTITUTE(SUBSTITUTE(E10, "Core2 Extreme",""),"Core2 Quad",""),"Core2 Duo",""),"Core",""), "Pentium Gold",""),"Pentium",""), "Xeon Platinum",""),"Xeon Gold",""),"Xeon Silver","")) -> Allwinner A523 | G10: =TRIM(SUBSTITUTE(F10,"Xeon","")) -> Allwinner A523 | H10: =IFERROR(LEFT(C10, SEARCH(" @", C10) - 1), C10) -> Allwinner A523 | I10: Allwinner A523 | K10: 1.8 GHz | M10: 8 | N10: 8 | P10: Q3 2023 | Q10: https://www.cpubenchmark.net/cpu.php?cpu=Allwinner A523&id=5651 | R10: =IF(COUNTIF(cpus!B:B, C10)>0, "found", "Missing") -> Missing | S10: =IF(COUNTIF(cpus!C:C, G10)>0, "found", "Missing") -> Missing
A11: =IF(COUNTIF(C11,"*Quad CPU]*"),"found","missing") -> missing | B11: =IF(COUNTIF(C11,"*[Dual CPU]*"),"found","missing") -> missing | C11: =SUBSTITUTE(SUBSTITUTE(SUBSTITUTE(SUBSTITUTE(SUBSTITUTE(I11," Dual Core","")," Quad Core","")," Quad-Core","")," Dual-Core","")," APU","") -> Allwinner A527 | D11: =IF(ISNUMBER(SEARCH("AMD",H11)),"AMD", IF(ISNUMBER(SEARCH("Intel",H11)),"Intel", IF(ISNUMBER(SEARCH("Apple",H11)),"Apple", IF(ISNUMBER(SEARCH("ARM",H11)),"ARM", IF(ISNUMBER(SEARCH("Google",H11)),"Google", IF(ISNUMBER(SEARCH("MediaTek",H11)),"MediaTek", IF(ISNUMBER(SEARCH("Qualcomm",H11)),"Qualcomm", IF(ISNUMBER(SEARCH("Samsung",H11)),"Samsung", IF(ISNUMBER(SEARCH("Snapdragon",H11)),"Snapdragon",""))))))))) | E11: =TRIM(SUBSTITUTE(SUBSTITUTE(SUBSTITUTE(SUBSTITUTE(SUBSTITUTE(SUBSTITUTE(SUBSTITUTE(SUBSTITUTE(SUBSTITUTE(H11, "Apple",""),"ARM",""),"Google",""),"MediaTek",""),"Qualcomm",""),"Samsung",""),"Snapdragon",""),"Intel",""),"AMD","")) -> Allwinner A527 | F11: =TRIM(SUBSTITUTE(SUBSTITUTE(SUBSTITUTE(SUBSTITUTE(SUBSTITUTE(SUBSTITUTE(SUBSTITUTE(SUBSTITUTE(SUBSTITUTE(E11, "Core2 Extreme",""),"Core2 Quad",""),"Core2 Duo",""),"Core",""), "Pentium Gold",""),"Pentium",""), "Xeon Platinum",""),"Xeon Gold",""),"Xeon Silver","")) -> Allwinner A527 | G11: =TRIM(SUBSTITUTE(F11,"Xeon","")) -> Allwinner A527 | H11: =IFERROR(LEFT(C11, SEARCH(" @", C11) - 1), C11) -> Allwinner A527 | I11: Allwinner A527 | K11: 2.0 GHz | M11: 8 | N11: 8 | P11: Q3 2023 | Q11: https://www.cpubenchmark.net/cpu.php?cpu=Allwinner A527&id=5591 | R11: =IF(COUNTIF(cpus!B:B, C11)>0, "found", "Missing") -> Missing | S11: =IF(COUNTIF(cpus!C:C, G11)>0, "found", "Missing") -> Missing
A12: =IF(COUNTIF(C12,"*Quad CPU]*"),"found","missing") -> missing | B12: =IF(COUNTIF(C12,"*[Dual CPU]*"),"found","missing") -> missing | C12: =SUBSTITUTE(SUBSTITUTE(SUBSTITUTE(SUBSTITUTE(SUBSTITUTE(I12," Dual Core","")," Quad Core","")," Quad-Core","")," Dual-Core","")," APU","") -> Allwinner A733 | D12: =IF(ISNUMBER(SEARCH("AMD",H12)),"AMD", IF(ISNUMBER(SEARCH("Intel",H12)),"Intel", IF(ISNUMBER(SEARCH("Apple",H12)),"Apple", IF(ISNUMBER(SEARCH("ARM",H12)),"ARM", IF(ISNUMBER(SEARCH("Google",H12)),"Google", IF(ISNUMBER(SEARCH("MediaTek",H12)),"MediaTek", IF(ISNUMBER(SEARCH("Qualcomm",H12)),"Qualcomm", IF(ISNUMBER(SEARCH("Samsung",H12)),"Samsung", IF(ISNUMBER(SEARCH("Snapdragon",H12)),"Snapdragon",""))))))))) | E12: =TRIM(SUBSTITUTE(SUBSTITUTE(SUBSTITUTE(SUBSTITUTE(SUBSTITUTE(SUBSTITUTE(SUBSTITUTE(SUBSTITUTE(SUBSTITUTE(H12, "Apple",""),"ARM",""),"Google",""),"MediaTek",""),"Qualcomm",""),"Samsung",""),"Snapdragon",""),"Intel",""),"AMD","")) -> Allwinner A733 | F12: =TRIM(SUBSTITUTE(SUBSTITUTE(SUBSTITUTE(SUBSTITUTE(SUBSTITUTE(SUBSTITUTE(SUBSTITUTE(SUBSTITUTE(SUBSTITUTE(E12, "Core2 Extreme",""),"Core2 Quad",""),"Core2 Duo",""),"Core",""), "Pentium Gold",""),"Pentium",""), "Xeon Platinum",""),"Xeon Gold",""),"Xeon Silver","")) -> Allwinner A733 | G12: =TRIM(SUBSTITUTE(F12,"Xeon","")) -> Allwinner A733 | H12: =IFERROR(LEFT(C12, SEARCH(" @", C12) - 1), C12) -> Allwinner A733 | I12: Allwinner A733 | K12: 2.0 GHz | M12: 8 | N12: 8 | P12: Q1 2025 | Q12: https://www.cpubenchmark.net/cpu.php?cpu=Allwinner A733&id=6545 | R12: =IF(COUNTIF(cpus!B:B, C12)>0, "found", "Missing") -> Missing | S12: =IF(COUNTIF(cpus!C:C, G12)>0, "found", "Missing") -> Missing
A13: =IF(COUNTIF(C13,"*Quad CPU]*"),"found","missing") -> missing | B13: =IF(COUNTIF(C13,"*[Dual CPU]*"),"found","missing") -> missing | C13: =SUBSTITUTE(SUBSTITUTE(SUBSTITUTE(SUBSTITUTE(SUBSTITUTE(I13," Dual Core","")," Quad Core","")," Quad-Core","")," Dual-Core","")," APU","") -> Allwinner H618 | D13: =IF(ISNUMBER(SEARCH("AMD",H13)),"AMD", IF(ISNUMBER(SEARCH("Intel",H13)),"Intel", IF(ISNUMBER(SEARCH("Apple",H13)),"Apple", IF(ISNUMBER(SEARCH("ARM",H13)),"ARM", IF(ISNUMBER(SEARCH("Google",H13)),"Google", IF(ISNUMBER(SEARCH("MediaTek",H13)),"MediaTek", IF(ISNUMBER(SEARCH("Qualcomm",H13)),"Qualcomm", IF(ISNUMBER(SEARCH("Samsung",H13)),"Samsung", IF(ISNUMBER(SEARCH("Snapdragon",H13)),"Snapdragon",""))))))))) | E13: =TRIM(SUBSTITUTE(SUBSTITUTE(SUBSTITUTE(SUBSTITUTE(SUBSTITUTE(SUBSTITUTE(SUBSTITUTE(SUBSTITUTE(SUBSTITUTE(H13, "Apple",""),"ARM",""),"Google",""),"MediaTek",""),"Qualcomm",""),"Samsung",""),"Snapdragon",""),"Intel",""),"AMD","")) -> Allwinner H618 | F13: =TRIM(SUBSTITUTE(SUBSTITUTE(SUBSTITUTE(SUBSTITUTE(SUBSTITUTE(SUBSTITUTE(SUBSTITUTE(SUBSTITUTE(SUBSTITUTE(E13, "Core2 Extreme",""),"Core2 Quad",""),"Core2 Duo",""),"Core",""), "Pentium Gold",""),"Pentium",""), "Xeon Platinum",""),"Xeon Gold",""),"Xeon Silver","")) -> Allwinner H618 | G13: =TRIM(SUBSTITUTE(F13,"Xeon","")) -> Allwinner H618 | H13: =IFERROR(LEFT(C13, SEARCH(" @", C13) - 1), C13) -> Allwinner H618 | I13: Allwinner H618 | K13: 1.4 GHz | M13: 4 | N13: 4 | P13: Q2 2023 | Q13: https://www.cpubenchmark.net/cpu.php?cpu=Allwinner H618&id=5549 | R13: =IF(COUNTIF(cpus!B:B, C13)>0, "found", "Missing") -> Missing | S13: =IF(COUNTIF(cpus!C:C, G13)>0, "found", "Missing") -> Missing
A14: =IF(COUNTIF(C14,"*Quad CPU]*"),"found","missing") -> missing | B14: =IF(COUNTIF(C14,"*[Dual CPU]*"),"found","missing") -> missing | C14: =SUBSTITUTE(SUBSTITUTE(SUBSTITUTE(SUBSTITUTE(SUBSTITUTE(I14," Dual Core","")," Quad Core","")," Quad-Core","")," Dual-Core","")," APU","") -> Allwinner h728 | D14: =IF(ISNUMBER(SEARCH("AMD",H14)),"AMD", IF(ISNUMBER(SEARCH("Intel",H14)),"Intel", IF(ISNUMBER(SEARCH("Apple",H14)),"Apple", IF(ISNUMBER(SEARCH("ARM",H14)),"ARM", IF(ISNUMBER(SEARCH("Google",H14)),"Google", IF(ISNUMBER(SEARCH("MediaTek",H14)),"MediaTek", IF(ISNUMBER(SEARCH("Qualcomm",H14)),"Qualcomm", IF(ISNUMBER(SEARCH("Samsung",H14)),"Samsung", IF(ISNUMBER(SEARCH("Snapdragon",H14)),"Snapdragon",""))))))))) | E14: =TRIM(SUBSTITUTE(SUBSTITUTE(SUBSTITUTE(SUBSTITUTE(SUBSTITUTE(SUBSTITUTE(SUBSTITUTE(SUBSTITUTE(SUBSTITUTE(H14, "Apple",""),"ARM",""),"Google",""),"MediaTek",""),"Qualcomm",""),"Samsung",""),"Snapdragon",""),"Intel",""),"AMD","")) -> Allwinner h728 | F14: =TRIM(SUBSTITUTE(SUBSTITUTE(SUBSTITUTE(SUBSTITUTE(SUBSTITUTE(SUBSTITUTE(SUBSTITUTE(SUBSTITUTE(SUBSTITUTE(E14, "Core2 Extreme",""),"Core2 Quad",""),"Core2 Duo",""),"Core",""), "Pentium Gold",""),"Pentium",""), "Xeon Platinum",""),"Xeon Gold",""),"Xeon Silver","")) -> Allwinner h728 | G14: =TRIM(SUBSTITUTE(F14,"Xeon","")) -> Allwinner h728 | H14: =IFERROR(LEFT(C14, SEARCH(" @", C14) - 1), C14) -> Allwinner h728 | I14: Allwinner h728 | K14: 1.8 GHz | M14: 8 | N14: 8 | P14: Q4 2024 | Q14: https://www.cpubenchmark.net/cpu.php?cpu=Allwinner h728&id=6316 | R14: =IF(COUNTIF(cpus!B:B, C14)>0, "found", "Missing") -> Missing | S14: =IF(COUNTIF(cpus!C:C, G14)>0, "found", "Missing") -> Missing
A15: =IF(COUNTIF(C15,"*Quad CPU]*"),"found","missing") -> missing | B15: =IF(COUNTIF(C15,"*[Dual CPU]*"),"found","missing") -> missing | C15: =SUBSTITUTE(SUBSTITUTE(SUBSTITUTE(SUBSTITUTE(SUBSTITUTE(I15," Dual Core","")," Quad Core","")," Quad-Core","")," Dual-Core","")," APU","") -> AMD 3015Ce | D15: =IF(ISNUMBER(SEARCH("AMD",H15)),"AMD", IF(ISNUMBER(SEARCH("Intel",H15)),"Intel", IF(ISNUMBER(SEARCH("Apple",H15)),"Apple", IF(ISNUMBER(SEARCH("ARM",H15)),"ARM", IF(ISNUMBER(SEARCH("Google",H15)),"Google", IF(ISNUMBER(SEARCH("MediaTek",H15)),"MediaTek", IF(ISNUMBER(SEARCH("Qualcomm",H15)),"Qualcomm", IF(ISNUMBER(SEARCH("Samsung",H15)),"Samsung", IF(ISNUMBER(SEARCH("Snapdragon",H15)),"Snapdragon",""))))))))) | E15: =TRIM(SUBSTITUTE(SUBSTITUTE(SUBSTITUTE(SUBSTITUTE(SUBSTITUTE(SUBSTITUTE(SUBSTITUTE(SUBSTITUTE(SUBSTITUTE(H15, "Apple",""),"ARM",""),"Google",""),"MediaTek",""),"Qualcomm",""),"Samsung",""),"Snapdragon",""),"Intel",""),"AMD","")) -> Zen 3 | F15: =TRIM(SUBSTITUTE(SUBSTITUTE(SUBSTITUTE(SUBSTITUTE(SUBSTITUTE(SUBSTITUTE(SUBSTITUTE(SUBSTITUTE(SUBSTITUTE(E15, "Core2 Extreme",""),"Core2 Quad",""),"Core2 Duo",""),"Core",""), "Pentium Gold",""),"Pentium",""), "Xeon Platinum",""),"Xeon Gold",""),"Xeon Silver","")) -> Zen 3 | G15: =TRIM(SUBSTITUTE(F15,"Xeon","")) -> Zen 3 | H15: =[1]cpu_pricesV2!$E$10 -> Zen 3 | I15: AMD 3015Ce | J15: FT5 | K15: 1.2 GHz | L15: 2.3 GHz | M15: 2 | N15: 4 | O15: 6 W | P15: Q3 2021 | Q15: https://www.cpubenchmark.net/cpu.php?cpu=AMD 3015Ce&id=4455 | R15: =IF(COUNTIF(cpus!B:B, C15)>0, "found", "Missing") -> found | S15: =IF(COUNTIF(cpus!C:C, G15)>0, "found", "Missing") -> Missing
A16: =IF(COUNTIF(C16,"*Quad CPU]*"),"found","missing") -> missing | B16: =IF(COUNTIF(C16,"*[Dual CPU]*"),"found","missing") -> missing | C16: =SUBSTITUTE(SUBSTITUTE(SUBSTITUTE(SUBSTITUTE(Load!R2," Quad Core","")," Quad-Core","")," Dual-Core","")," APU","") -> 6 | D16: =IF(ISNUMBER(SEARCH("AMD",H16)),"AMD", IF(ISNUMBER(SEARCH("Intel",H16)),"Intel", IF(ISNUMBER(SEARCH("Apple",H16)),"Apple", IF(ISNUMBER(SEARCH("ARM",H16)),"ARM", IF(ISNUMBER(SEARCH("Google",H16)),"Google", IF(ISNUMBER(SEARCH("MediaTek",H16)),"MediaTek", IF(ISNUMBER(SEARCH("Qualcomm",H16)),"Qualcomm", IF(ISNUMBER(SEARCH("Samsung",H16)),"Samsung", IF(ISNUMBER(SEARCH("Snapdragon",H16)),"Snapdragon",""))))))))) | E16: =TRIM(SUBSTITUTE(SUBSTITUTE(SUBSTITUTE(SUBSTITUTE(SUBSTITUTE(SUBSTITUTE(SUBSTITUTE(SUBSTITUTE(SUBSTITUTE(H16, "Apple",""),"ARM",""),"Google",""),"MediaTek",""),"Qualcomm",""),"Samsung",""),"Snapdragon",""),"Intel",""),"AMD","")) -> 6 | F16: =TRIM(SUBSTITUTE(SUBSTITUTE(SUBSTITUTE(SUBSTITUTE(SUBSTITUTE(SUBSTITUTE(SUBSTITUTE(SUBSTITUTE(SUBSTITUTE(E16, "Core2 Extreme",""),"Core2 Quad",""),"Core2 Duo",""),"Core",""), "Pentium Gold",""),"Pentium",""), "Xeon Platinum",""),"Xeon Gold",""),"Xeon Silver","")) -> 6 | G16: =TRIM(SUBSTITUTE(F16,"Xeon","")) -> 6 | H16: =IFERROR(LEFT(C16, SEARCH(" @", C16) - 1), C16) -> 6 | I16: AMD 3015e | K16: 1.2 GHz | L16: 2.3 GHz | M16: 2 | N16: 4 | O16: 6 W | P16: Q3 2020 | Q16: https://www.cpubenchmark.net/cpu.php?cpu=AMD 3015e&id=3774 | R16: =IF(COUNTIF(cpus!B:B, C16)>0, "found", "Missing") -> found | S16: =IF(COUNTIF(cpus!C:C, G16)>0, "found", "Missing") -> Missing
A17: =IF(COUNTIF(C17,"*Quad CPU]*"),"found","missing") -> missing | B17: =IF(COUNTIF(C17,"*[Dual CPU]*"),"found","missing") -> missing | C17: =SUBSTITUTE(SUBSTITUTE(SUBSTITUTE(SUBSTITUTE(SUBSTITUTE(I17," Dual Core","")," Quad Core","")," Quad-Core","")," Dual-Core","")," APU","") -> AMD 3020e | D17: =IF(ISNUMBER(SEARCH("AMD",H17)),"AMD", IF(ISNUMBER(SEARCH("Intel",H17)),"Intel", IF(ISNUMBER(SEARCH("Apple",H17)),"Apple", IF(ISNUMBER(SEARCH("ARM",H17)),"ARM", IF(ISNUMBER(SEARCH("Google",H17)),"Google", IF(ISNUMBER(SEARCH("MediaTek",H17)),"MediaTek", IF(ISNUMBER(SEARCH("Qualcomm",H17)),"Qualcomm", IF(ISNUMBER(SEARCH("Samsung",H17)),"Samsung", IF(ISNUMBER(SEARCH("Snapdragon",H17)),"Snapdragon",""))))))))) -> AMD | E17: =TRIM(SUBSTITUTE(SUBSTITUTE(SUBSTITUTE(SUBSTITUTE(SUBSTITUTE(SUBSTITUTE(SUBSTITUTE(SUBSTITUTE(SUBSTITUTE(H17, "Apple",""),"ARM",""),"Google",""),"MediaTek",""),"Qualcomm",""),"Samsung",""),"Snapdragon",""),"Intel",""),"AMD","")) -> 3020e | F17: =TRIM(SUBSTITUTE(SUBSTITUTE(SUBSTITUTE(SUBSTITUTE(SUBSTITUTE(SUBSTITUTE(SUBSTITUTE(SUBSTITUTE(SUBSTITUTE(E17, "Core2 Extreme",""),"Core2 Quad",""),"Core2 Duo",""),"Core",""), "Pentium Gold",""),"Pentium",""), "Xeon Platinum",""),"Xeon Gold",""),"Xeon Silver","")) -> 3020e | G17: =TRIM(SUBSTITUTE(F17,"Xeon","")) -> 3020e | H17: =IFERROR(LEFT(C17, SEARCH(" @", C17) - 1), C17) -> AMD 3020e | I17: AMD 3020e | K17: 1.2 GHz | L17: 2.6 GHz | M17: 2 | N17: 2 | O17: 6 W | P17: Q2 2020 | Q17: https://www.cpubenchmark.net/cpu.php?cpu=AMD 3020e&id=3758 | R17: =IF(COUNTIF(cpus!B:B, C17)>0, "found", "Missing") -> found | S17: =IF(COUNTIF(cpus!C:C, G17)>0, "found", "Missing") -> found
A18: =IF(COUNTIF(C18,"*Quad CPU]*"),"found","missing") -> missing | B18: =IF(COUNTIF(C18,"*[Dual CPU]*"),"found","missing") -> missing | C18: =SUBSTITUTE(SUBSTITUTE(SUBSTITUTE(SUBSTITUTE(SUBSTITUTE(I18," Dual Core","")," Quad Core","")," Quad-Core","")," Dual-Core","")," APU","") -> AMD 4700S | D18: =IF(ISNUMBER(SEARCH("AMD",H18)),"AMD", IF(ISNUMBER(SEARCH("Intel",H18)),"Intel", IF(ISNUMBER(SEARCH("Apple",H18)),"Apple", IF(ISNUMBER(SEARCH("ARM",H18)),"ARM", IF(ISNUMBER(SEARCH("Google",H18)),"Google", IF(ISNUMBER(SEARCH("MediaTek",H18)),"MediaTek", IF(ISNUMBER(SEARCH("Qualcomm",H18)),"Qualcomm", IF(ISNUMBER(SEARCH("Samsung",H18)),"Samsung", IF(ISNUMBER(SEARCH("Snapdragon",H18)),"Snapdragon",""))))))))) -> AMD | E18: =TRIM(SUBSTITUTE(SUBSTITUTE(SUBSTITUTE(SUBSTITUTE(SUBSTITUTE(SUBSTITUTE(SUBSTITUTE(SUBSTITUTE(SUBSTITUTE(H18, "Apple",""),"ARM",""),"Google",""),"MediaTek",""),"Qualcomm",""),"Samsung",""),"Snapdragon",""),"Intel",""),"AMD","")) -> 4700S | F18: =TRIM(SUBSTITUTE(SUBSTITUTE(SUBSTITUTE(SUBSTITUTE(SUBSTITUTE(SUBSTITUTE(SUBSTITUTE(SUBSTITUTE(SUBSTITUTE(E18, "Core2 Extreme",""),"Core2 Quad",""),"Core2 Duo",""),"Core",""), "Pentium Gold",""),"Pentium",""), "Xeon Platinum",""),"Xeon Gold",""),"Xeon Silver","")) -> 4700S | G18: =TRIM(SUBSTITUTE(F18,"Xeon","")) -> 4700S | H18: =IFERROR(LEFT(C18, SEARCH(" @", C18) - 1), C18) -> AMD 4700S | I18: AMD 4700S | K18: 3.6 GHz | L18: 4.0 GHz | M18: 8 | N18: 16 | P18: Q2 2021 | Q18: https://www.cpubenchmark.net/cpu.php?cpu=AMD 4700S&id=4309 | R18: =IF(COUNTIF(cpus!B:B, C18)>0, "found", "Missing") -> found | S18: =IF(COUNTIF(cpus!C:C, G18)>0, "found", "Missing") -> found
A19: =IF(COUNTIF(C19,"*Quad CPU]*"),"found","missing") -> missing | B19: =IF(COUNTIF(C19,"*[Dual CPU]*"),"found","missing") -> missing | C19: =SUBSTITUTE(SUBSTITUTE(SUBSTITUTE(SUBSTITUTE(SUBSTITUTE(I19," Dual Core","")," Quad Core","")," Quad-Core","")," Dual-Core","")," APU","") -> AMD A10 Micro-6700T | D19: =IF(ISNUMBER(SEARCH("AMD",H19)),"AMD", IF(ISNUMBER(SEARCH("Intel",H19)),"Intel", IF(ISNUMBER(SEARCH("Apple",H19)),"Apple", IF(ISNUMBER(SEARCH("ARM",H19)),"ARM", IF(ISNUMBER(SEARCH("Google",H19)),"Google", IF(ISNUMBER(SEARCH("MediaTek",H19)),"MediaTek", IF(ISNUMBER(SEARCH("Qualcomm",H19)),"Qualcomm", IF(ISNUMBER(SEARCH("Samsung",H19)),"Samsung", IF(ISNUMBER(SEARCH("Snapdragon",H19)),"Snapdragon",""))))))))) -> AMD | E19: =TRIM(SUBSTITUTE(SUBSTITUTE(SUBSTITUTE(SUBSTITUTE(SUBSTITUTE(SUBSTITUTE(SUBSTITUTE(SUBSTITUTE(SUBSTITUTE(H19, "Apple",""),"ARM",""),"Google",""),"MediaTek",""),"Qualcomm",""),"Samsung",""),"Snapdragon",""),"Intel",""),"AMD","")) -> A10 Micro-6700T | F19: =TRIM(SUBSTITUTE(SUBSTITUTE(SUBSTITUTE(SUBSTITUTE(SUBSTITUTE(SUBSTITUTE(SUBSTITUTE(SUBSTITUTE(SUBSTITUTE(E19, "Core2 Extreme",""),"Core2 Quad",""),"Core2 Duo",""),"Core",""), "Pentium Gold",""),"Pentium",""), "Xeon Platinum",""),"Xeon Gold",""),"Xeon Silver","")) -> A10 Micro-6700T | G19: =TRIM(SUBSTITUTE(F19,"Xeon","")) -> A10 Micro-6700T | H19: =IFERROR(LEFT(C19, SEARCH(" @", C19) - 1), C19) -> AMD A10 Micro-6700T | I19: AMD A10 Micro-6700T APU | J19: FT3b | K19: 1.2 GHz | L19: 2.2 GHz | M19: 4 | N19: 4 | O19: 5 W | P19: Q2 2015 | Q19: https://www.cpubenchmark.net/cpu.php?cpu=AMD A10 Micro-6700T APU&id=2520 | R19: =IF(COUNTIF(cpus!B:B, C19)>0, "found", "Missing") -> found | S19: =IF(COUNTIF(cpus!C:C, G19)>0, "found", "Missing") -> found
A20: =IF(COUNTIF(C20,"*Quad CPU]*"),"found","missing") -> missing | B20: =IF(COUNTIF(C20,"*[Dual CPU]*"),"found","missing") -> missing | C20: =SUBSTITUTE(SUBSTITUTE(SUBSTITUTE(SUBSTITUTE(SUBSTITUTE(I20," Dual Core","")," Quad Core","")," Quad-Core","")," Dual-Core","")," APU","") -> AMD A10 PRO-7350B | D20: =IF(ISNUMBER(SEARCH("AMD",H20)),"AMD", IF(ISNUMBER(SEARCH("Intel",H20)),"Intel", IF(ISNUMBER(SEARCH("Apple",H20)),"Apple", IF(ISNUMBER(SEARCH("ARM",H20)),"ARM", IF(ISNUMBER(SEARCH("Google",H20)),"Google", IF(ISNUMBER(SEARCH("MediaTek",H20)),"MediaTek", IF(ISNUMBER(SEARCH("Qualcomm",H20)),"Qualcomm", IF(ISNUMBER(SEARCH("Samsung",H20)),"Samsung", IF(ISNUMBER(SEARCH("Snapdragon",H20)),"Snapdragon",""))))))))) -> AMD | E20: =TRIM(SUBSTITUTE(SUBSTITUTE(SUBSTITUTE(SUBSTITUTE(SUBSTITUTE(SUBSTITUTE(SUBSTITUTE(SUBSTITUTE(SUBSTITUTE(H20, "Apple",""),"ARM",""),"Google",""),"MediaTek",""),"Qualcomm",""),"Samsung",""),"Snapdragon",""),"Intel",""),"AMD","")) -> A10 PRO-7350B | F20: =TRIM(SUBSTITUTE(SUBSTITUTE(SUBSTITUTE(SUBSTITUTE(SUBSTITUTE(SUBSTITUTE(SUBSTITUTE(SUBSTITUTE(SUBSTITUTE(E20, "Core2 Extreme",""),"Core2 Quad",""),"Core2 Duo",""),"Core",""), "Pentium Gold",""),"Pentium",""), "Xeon Platinum",""),"Xeon Gold",""),"Xeon Silver","")) -> A10 PRO-7350B | G20: =TRIM(SUBSTITUTE(F20,"Xeon","")) -> A10 PRO-7350B | H20: =IFERROR(LEFT(C20, SEARCH(" @", C20) - 1), C20) -> AMD A10 PRO-7350B | I20: AMD A10 PRO-7350B APU | J20: FP3 | K20: 2.1 GHz | L20: 3.3 GHz | M20: 4 | O20: 19 W | P20: Q2 2014 | Q20: https://www.cpubenchmark.net/cpu.php?cpu=AMD A10 PRO-7350B APU&id=2271 | R20: =IF(COUNTIF(cpus!B:B, C20)>0, "found", "Missing") -> found | S20: =IF(COUNTIF(cpus!C:C, G20)>0, "found", "Missing") -> found
A21: =IF(COUNTIF(C21,"*Quad CPU]*"),"found","missing") -> missing | B21: =IF(COUNTIF(C21,"*[Dual CPU]*"),"found","missing") -> missing | C21: =SUBSTITUTE(SUBSTITUTE(SUBSTITUTE(SUBSTITUTE(SUBSTITUTE(I21," Dual Core","")," Quad Core","")," Quad-Core","")," Dual-Core","")," APU","") -> AMD A10 PRO-7800B | D21: =IF(ISNUMBER(SEARCH("AMD",H21)),"AMD", IF(ISNUMBER(SEARCH("Intel",H21)),"Intel", IF(ISNUMBER(SEARCH("Apple",H21)),"Apple", IF(ISNUMBER(SEARCH("ARM",H21)),"ARM", IF(ISNUMBER(SEARCH("Google",H21)),"Google", IF(ISNUMBER(SEARCH("MediaTek",H21)),"MediaTek", IF(ISNUMBER(SEARCH("Qualcomm",H21)),"Qualcomm", IF(ISNUMBER(SEARCH("Samsung",H21)),"Samsung", IF(ISNUMBER(SEARCH("Snapdragon",H21)),"Snapdragon",""))))))))) -> AMD | E21: =TRIM(SUBSTITUTE(SUBSTITUTE(SUBSTITUTE(SUBSTITUTE(SUBSTITUTE(SUBSTITUTE(SUBSTITUTE(SUBSTITUTE(SUBSTITUTE(H21, "Apple",""),"ARM",""),"Google",""),"MediaTek",""),"Qualcomm",""),"Samsung",""),"Snapdragon",""),"Intel",""),"AMD","")) -> A10 PRO-7800B | F21: =TRIM(SUBSTITUTE(SUBSTITUTE(SUBSTITUTE(SUBSTITUTE(SUBSTITUTE(SUBSTITUTE(SUBSTITUTE(SUBSTITUTE(SUBSTITUTE(E21, "Core2 Extreme",""),"Core2 Quad",""),"Core2 Duo",""),"Core",""), "Pentium Gold",""),"Pentium",""), "Xeon Platinum",""),"Xeon Gold",""),"Xeon Silver","")) -> A10 PRO-7800B | G21: =TRIM(SUBSTITUTE(F21,"Xeon","")) -> A10 PRO-7800B | H21: =IFERROR(LEFT(C21, SEARCH(" @", C21) - 1), C21) -> AMD A10 PRO-7800B | I21: AMD A10 PRO-7800B APU | J21: FM2+ | K21: 3.5 GHz | L21: 3.9 GHz | M21: 4 | O21: 65 W | P21: Q4 2014 | Q21: https://www.cpubenchmark.net/cpu.php?cpu=AMD A10 PRO-7800B APU&id=2407 | R21: =IF(COUNTIF(cpus!B:B, C21)>0, "found", "Missing") -> found | S21: =IF(COUNTIF(cpus!C:C, G21)>0, "found", "Missing") -> found
A22: =IF(COUNTIF(C22,"*Quad CPU]*"),"found","missing") -> missing | B22: =IF(COUNTIF(C22,"*[Dual CPU]*"),"found","missing") -> missing | C22: =SUBSTITUTE(SUBSTITUTE(SUBSTITUTE(SUBSTITUTE(SUBSTITUTE(I22," Dual Core","")," Quad Core","")," Quad-Core","")," Dual-Core","")," APU","") -> AMD A10 PRO-7850B | D22: =IF(ISNUMBER(SEARCH("AMD",H22)),"AMD", IF(ISNUMBER(SEARCH("Intel",H22)),"Intel", IF(ISNUMBER(SEARCH("Apple",H22)),"Apple", IF(ISNUMBER(SEARCH("ARM",H22)),"ARM", IF(ISNUMBER(SEARCH("Google",H22)),"Google", IF(ISNUMBER(SEARCH("MediaTek",H22)),"MediaTek", IF(ISNUMBER(SEARCH("Qualcomm",H22)),"Qualcomm", IF(ISNUMBER(SEARCH("Samsung",H22)),"Samsung", IF(ISNUMBER(SEARCH("Snapdragon",H22)),"Snapdragon",""))))))))) -> AMD | E22: =TRIM(SUBSTITUTE(SUBSTITUTE(SUBSTITUTE(SUBSTITUTE(SUBSTITUTE(SUBSTITUTE(SUBSTITUTE(SUBSTITUTE(SUBSTITUTE(H22, "Apple",""),"ARM",""),"Google",""),"MediaTek",""),"Qualcomm",""),"Samsung",""),"Snapdragon",""),"Intel",""),"AMD","")) -> A10 PRO-7850B | F22: =TRIM(SUBSTITUTE(SUBSTITUTE(SUBSTITUTE(SUBSTITUTE(SUBSTITUTE(SUBSTITUTE(SUBSTITUTE(SUBSTITUTE(SUBSTITUTE(E22, "Core2 Extreme",""),"Core2 Quad",""),"Core2 Duo",""),"Core",""), "Pentium Gold",""),"Pentium",""), "Xeon Platinum",""),"Xeon Gold",""),"Xeon Silver","")) -> A10 PRO-7850B | G22: =TRIM(SUBSTITUTE(F22,"Xeon","")) -> A10 PRO-7850B | H22: =IFERROR(LEFT(C22, SEARCH(" @", C22) - 1), C22) -> AMD A10 PRO-7850B | I22: AMD A10 PRO-7850B APU | J22: FM2+ | K22: 3.7 GHz | L22: 4.0 GHz | M22: 4 | O22: 95 W | P22: Q4 2014 | Q22: https://www.cpubenchmark.net/cpu.php?cpu=AMD A10 PRO-7850B APU&id=2416 | R22: =IF(COUNTIF(cpus!B:B, C22)>0, "found", "Missing") -> found | S22: =IF(COUNTIF(cpus!C:C, G22)>0, "found", "Missing") -> found
A23: =IF(COUNTIF(C23,"*Quad CPU]*"),"found","missing") -> missing | B23: =IF(COUNTIF(C23,"*[Dual CPU]*"),"found","missing") -> missing | C23: =SUBSTITUTE(SUBSTITUTE(SUBSTITUTE(SUBSTITUTE(SUBSTITUTE(I23," Dual Core","")," Quad Core","")," Quad-Core","")," Dual-Core","")," APU","") -> AMD A10-4600M | D23: =IF(ISNUMBER(SEARCH("AMD",H23)),"AMD", IF(ISNUMBER(SEARCH("Intel",H23)),"Intel", IF(ISNUMBER(SEARCH("Apple",H23)),"Apple", IF(ISNUMBER(SEARCH("ARM",H23)),"ARM", IF(ISNUMBER(SEARCH("Google",H23)),"Google", IF(ISNUMBER(SEARCH("MediaTek",H23)),"MediaTek", IF(ISNUMBER(SEARCH("Qualcomm",H23)),"Qualcomm", IF(ISNUMBER(SEARCH("Samsung",H23)),"Samsung", IF(ISNUMBER(SEARCH("Snapdragon",H23)),"Snapdragon",""))))))))) -> AMD | E23: =TRIM(SUBSTITUTE(SUBSTITUTE(SUBSTITUTE(SUBSTITUTE(SUBSTITUTE(SUBSTITUTE(SUBSTITUTE(SUBSTITUTE(SUBSTITUTE(H23, "Apple",""),"ARM",""),"Google",""),"MediaTek",""),"Qualcomm",""),"Samsung",""),"Snapdragon",""),"Intel",""),"AMD","")) -> A10-4600M | F23: =TRIM(SUBSTITUTE(SUBSTITUTE(SUBSTITUTE(SUBSTITUTE(SUBSTITUTE(SUBSTITUTE(SUBSTITUTE(SUBSTITUTE(SUBSTITUTE(E23, "Core2 Extreme",""),"Core2 Quad",""),"Core2 Duo",""),"Core",""), "Pentium Gold",""),"Pentium",""), "Xeon Platinum",""),"Xeon Gold",""),"Xeon Silver","")) -> A10-4600M | G23: =TRIM(SUBSTITUTE(F23,"Xeon","")) -> A10-4600M | H23: =IFERROR(LEFT(C23, SEARCH(" @", C23) - 1), C23) -> AMD A10-4600M | I23: AMD A10-4600M APU | J23: FS1r2 | K23: 2.3 GHz | L23: 3.2 GHz | M23: 4 | O23: 35 W | P23: Q2 2012 | Q23: https://www.cpubenchmark.net/cpu.php?cpu=AMD A10-4600M APU&id=10 | R23: =IF(COUNTIF(cpus!B:B, C23)>0, "found", "Missing") -> found | S23: =IF(COUNTIF(cpus!C:C, G23)>0, "found", "Missing") -> found
A24: =IF(COUNTIF(C24,"*Quad CPU]*"),"found","missing") -> missing | B24: =IF(COUNTIF(C24,"*[Dual CPU]*"),"found","missing") -> missing | C24: =SUBSTITUTE(SUBSTITUTE(SUBSTITUTE(SUBSTITUTE(SUBSTITUTE(I24," Dual Core","")," Quad Core","")," Quad-Core","")," Dual-Core","")," APU","") -> AMD A10-4655M | D24: =IF(ISNUMBER(SEARCH("AMD",H24)),"AMD", IF(ISNUMBER(SEARCH("Intel",H24)),"Intel", IF(ISNUMBER(SEARCH("Apple",H24)),"Apple", IF(ISNUMBER(SEARCH("ARM",H24)),"ARM", IF(ISNUMBER(SEARCH("Google",H24)),"Google", IF(ISNUMBER(SEARCH("MediaTek",H24)),"MediaTek", IF(ISNUMBER(SEARCH("Qualcomm",H24)),"Qualcomm", IF(ISNUMBER(SEARCH("Samsung",H24)),"Samsung", IF(ISNUMBER(SEARCH("Snapdragon",H24)),"Snapdragon",""))))))))) -> AMD | E24: =TRIM(SUBSTITUTE(SUBSTITUTE(SUBSTITUTE(SUBSTITUTE(SUBSTITUTE(SUBSTITUTE(SUBSTITUTE(SUBSTITUTE(SUBSTITUTE(H24, "Apple",""),"ARM",""),"Google",""),"MediaTek",""),"Qualcomm",""),"Samsung",""),"Snapdragon",""),"Intel",""),"AMD","")) -> A10-4655M | F24: =TRIM(SUBSTITUTE(SUBSTITUTE(SUBSTITUTE(SUBSTITUTE(SUBSTITUTE(SUBSTITUTE(SUBSTITUTE(SUBSTITUTE(SUBSTITUTE(E24, "Core2 Extreme",""),"Core2 Quad",""),"Core2 Duo",""),"Core",""), "Pentium Gold",""),"Pentium",""), "Xeon Platinum",""),"Xeon Gold",""),"Xeon Silver","")) -> A10-4655M | G24: =TRIM(SUBSTITUTE(F24,"Xeon","")) -> A10-4655M | H24: =IFERROR(LEFT(C24, SEARCH(" @", C24) - 1), C24) -> AMD A10-4655M | I24: AMD A10-4655M APU | J24: FP2 | K24: 2.0 GHz | L24: 2.8 GHz | M24: 4 | O24: 25 W | P24: Q3 2012 | Q24: https://www.cpubenchmark.net/cpu.php?cpu=AMD A10-4655M APU&id=11 | R24: =IF(COUNTIF(cpus!B:B, C24)>0, "found", "Missing") -> found | S24: =IF(COUNTIF(cpus!C:C, G24)>0, "found", "Missing") -> found
A25: =IF(COUNTIF(C25,"*Quad CPU]*"),"found","missing") -> missing | B25: =IF(COUNTIF(C25,"*[Dual CPU]*"),"found","missing") -> missing | C25: =SUBSTITUTE(SUBSTITUTE(SUBSTITUTE(SUBSTITUTE(SUBSTITUTE(I25," Dual Core","")," Quad Core","")," Quad-Core","")," Dual-Core","")," APU","") -> AMD A10-4657M | D25: =IF(ISNUMBER(SEARCH("AMD",H25)),"AMD", IF(ISNUMBER(SEARCH("Intel",H25)),"Intel", IF(ISNUMBER(SEARCH("Apple",H25)),"Apple", IF(ISNUMBER(SEARCH("ARM",H25)),"ARM", IF(ISNUMBER(SEARCH("Google",H25)),"Google", IF(ISNUMBER(SEARCH("MediaTek",H25)),"MediaTek", IF(ISNUMBER(SEARCH("Qualcomm",H25)),"Qualcomm", IF(ISNUMBER(SEARCH("Samsung",H25)),"Samsung", IF(ISNUMBER(SEARCH("Snapdragon",H25)),"Snapdragon",""))))))))) -> AMD | E25: =TRIM(SUBSTITUTE(SUBSTITUTE(SUBSTITUTE(SUBSTITUTE(SUBSTITUTE(SUBSTITUTE(SUBSTITUTE(SUBSTITUTE(SUBSTITUTE(H25, "Apple",""),"ARM",""),"Google",""),"MediaTek",""),"Qualcomm",""),"Samsung",""),"Snapdragon",""),"Intel",""),"AMD","")) -> A10-4657M | F25: =TRIM(SUBSTITUTE(SUBSTITUTE(SUBSTITUTE(SUBSTITUTE(SUBSTITUTE(SUBSTITUTE(SUBSTITUTE(SUBSTITUTE(SUBSTITUTE(E25, "Core2 Extreme",""),"Core2 Quad",""),"Core2 Duo",""),"Core",""), "Pentium Gold",""),"Pentium",""), "Xeon Platinum",""),"Xeon Gold",""),"Xeon Silver","")) -> A10-4657M | G25: =TRIM(SUBSTITUTE(F25,"Xeon","")) -> A10-4657M | H25: =IFERROR(LEFT(C25, SEARCH(" @", C25) - 1), C25) -> AMD A10-4657M | I25: AMD A10-4657M APU | J25: FP2 | K25: 2.3 GHz | L25: 3.2 GHz | M25: 4 | O25: 35 W | P25: Q2 2013 | Q25: https://www.cpubenchmark.net/cpu.php?cpu=AMD A10-4657M APU&id=1906 | R25: =IF(COUNTIF(cpus!B:B, C25)>0, "found", "Missing") -> found | S25: =IF(COUNTIF(cpus!C:C, G25)>0, "found", "Missing") -> found
A26: =IF(COUNTIF(C26,"*Quad CPU]*"),"found","missing") -> missing | B26: =IF(COUNTIF(C26,"*[Dual CPU]*"),"found","missing") -> missing | C26: =SUBSTITUTE(SUBSTITUTE(SUBSTITUTE(SUBSTITUTE(SUBSTITUTE(I26," Dual Core","")," Quad Core","")," Quad-Core","")," Dual-Core","")," APU","") -> AMD A10-5700 | D26: =IF(ISNUMBER(SEARCH("AMD",H26)),"AMD", IF(ISNUMBER(SEARCH("Intel",H26)),"Intel", IF(ISNUMBER(SEARCH("Apple",H26)),"Apple", IF(ISNUMBER(SEARCH("ARM",H26)),"ARM", IF(ISNUMBER(SEARCH("Google",H26)),"Google", IF(ISNUMBER(SEARCH("MediaTek",H26)),"MediaTek", IF(ISNUMBER(SEARCH("Qualcomm",H26)),"Qualcomm", IF(ISNUMBER(SEARCH("Samsung",H26)),"Samsung", IF(ISNUMBER(SEARCH("Snapdragon",H26)),"Snapdragon",""))))))))) -> AMD | E26: =TRIM(SUBSTITUTE(SUBSTITUTE(SUBSTITUTE(SUBSTITUTE(SUBSTITUTE(SUBSTITUTE(SUBSTITUTE(SUBSTITUTE(SUBSTITUTE(H26, "Apple",""),"ARM",""),"Google",""),"MediaTek",""),"Qualcomm",""),"Samsung",""),"Snapdragon",""),"Intel",""),"AMD","")) -> A10-5700 | F26: =TRIM(SUBSTITUTE(SUBSTITUTE(SUBSTITUTE(SUBSTITUTE(SUBSTITUTE(SUBSTITUTE(SUBSTITUTE(SUBSTITUTE(SUBSTITUTE(E26, "Core2 Extreme",""),"Core2 Quad",""),"Core2 Duo",""),"Core",""), "Pentium Gold",""),"Pentium",""), "Xeon Platinum",""),"Xeon Gold",""),"Xeon Silver","")) -> A10-5700 | G26: =TRIM(SUBSTITUTE(F26,"Xeon","")) -> A10-5700 | H26: =IFERROR(LEFT(C26, SEARCH(" @", C26) - 1), C26) -> AMD A10-5700 | I26: AMD A10-5700 APU | J26: FM2 | K26: 3.4 GHz | L26: 4.0 GHz | M26: 4 | O26: 65 W | P26: Q2 2012 | Q26: https://www.cpubenchmark.net/cpu.php?cpu=AMD A10-5700 APU&id=12 | R26: =IF(COUNTIF(cpus!B:B, C26)>0, "found", "Missing") -> found | S26: =IF(COUNTIF(cpus!C:C, G26)>0, "found", "Missing") -> found
A27: =IF(COUNTIF(C27,"*Quad CPU]*"),"found","missing") -> missing | B27: =IF(COUNTIF(C27,"*[Dual CPU]*"),"found","missing") -> missing | C27: =SUBSTITUTE(SUBSTITUTE(SUBSTITUTE(SUBSTITUTE(SUBSTITUTE(I27," Dual Core","")," Quad Core","")," Quad-Core","")," Dual-Core","")," APU","") -> AMD A10-5745M | D27: =IF(ISNUMBER(SEARCH("AMD",H27)),"AMD", IF(ISNUMBER(SEARCH("Intel",H27)),"Intel", IF(ISNUMBER(SEARCH("Apple",H27)),"Apple", IF(ISNUMBER(SEARCH("ARM",H27)),"ARM", IF(ISNUMBER(SEARCH("Google",H27)),"Google", IF(ISNUMBER(SEARCH("MediaTek",H27)),"MediaTek", IF(ISNUMBER(SEARCH("Qualcomm",H27)),"Qualcomm", IF(ISNUMBER(SEARCH("Samsung",H27)),"Samsung", IF(ISNUMBER(SEARCH("Snapdragon",H27)),"Snapdragon",""))))))))) -> AMD | E27: =TRIM(SUBSTITUTE(SUBSTITUTE(SUBSTITUTE(SUBSTITUTE(SUBSTITUTE(SUBSTITUTE(SUBSTITUTE(SUBSTITUTE(SUBSTITUTE(H27, "Apple",""),"ARM",""),"Google",""),"MediaTek",""),"Qualcomm",""),"Samsung",""),"Snapdragon",""),"Intel",""),"AMD","")) -> A10-5745M | F27: =TRIM(SUBSTITUTE(SUBSTITUTE(SUBSTITUTE(SUBSTITUTE(SUBSTITUTE(SUBSTITUTE(SUBSTITUTE(SUBSTITUTE(SUBSTITUTE(E27, "Core2 Extreme",""),"Core2 Quad",""),"Core2 Duo",""),"Core",""), "Pentium Gold",""),"Pentium",""), "Xeon Platinum",""),"Xeon Gold",""),"Xeon Silver","")) -> A10-5745M | G27: =TRIM(SUBSTITUTE(F27,"Xeon","")) -> A10-5745M | H27: =IFERROR(LEFT(C27, SEARCH(" @", C27) - 1), C27) -> AMD A10-5745M | I27: AMD A10-5745M APU | J27: FP2 | K27: 2.1 GHz | L27: 2.9 GHz | M27: 4 | O27: 25 W | P27: Q3 2013 | Q27: https://www.cpubenchmark.net/cpu.php?cpu=AMD A10-5745M APU&id=1962 | R27: =IF(COUNTIF(cpus!B:B, C27)>0, "found", "Missing") -> found | S27: =IF(COUNTIF(cpus!C:C, G27)>0, "found", "Missing") -> found
A28: =IF(COUNTIF(C28,"*Quad CPU]*"),"found","missing") -> missing | B28: =IF(COUNTIF(C28,"*[Dual CPU]*"),"found","missing") -> missing | C28: =SUBSTITUTE(SUBSTITUTE(SUBSTITUTE(SUBSTITUTE(SUBSTITUTE(I28," Dual Core","")," Quad Core","")," Quad-Core","")," Dual-Core","")," APU","") -> AMD A10-5750M | D28: =IF(ISNUMBER(SEARCH("AMD",H28)),"AMD", IF(ISNUMBER(SEARCH("Intel",H28)),"Intel", IF(ISNUMBER(SEARCH("Apple",H28)),"Apple", IF(ISNUMBER(SEARCH("ARM",H28)),"ARM", IF(ISNUMBER(SEARCH("Google",H28)),"Google", IF(ISNUMBER(SEARCH("MediaTek",H28)),"MediaTek", IF(ISNUMBER(SEARCH("Qualcomm",H28)),"Qualcomm", IF(ISNUMBER(SEARCH("Samsung",H28)),"Samsung", IF(ISNUMBER(SEARCH("Snapdragon",H28)),"Snapdragon",""))))))))) -> AMD | E28: =TRIM(SUBSTITUTE(SUBSTITUTE(SUBSTITUTE(SUBSTITUTE(SUBSTITUTE(SUBSTITUTE(SUBSTITUTE(SUBSTITUTE(SUBSTITUTE(H28, "Apple",""),"ARM",""),"Google",""),"MediaTek",""),"Qualcomm",""),"Samsung",""),"Snapdragon",""),"Intel",""),"AMD","")) -> A10-5750M | F28: =TRIM(SUBSTITUTE(SUBSTITUTE(SUBSTITUTE(SUBSTITUTE(SUBSTITUTE(SUBSTITUTE(SUBSTITUTE(SUBSTITUTE(SUBSTITUTE(E28, "Core2 Extreme",""),"Core2 Quad",""),"Core2 Duo",""),"Core",""), "Pentium Gold",""),"Pentium",""), "Xeon Platinum",""),"Xeon Gold",""),"Xeon Silver","")) -> A10-5750M | G28: =TRIM(SUBSTITUTE(F28,"Xeon","")) -> A10-5750M | H28: =IFERROR(LEFT(C28, SEARCH(" @", C28) - 1), C28) -> AMD A10-5750M | I28: AMD A10-5750M APU | J28: FS1r2 | K28: 2.5 GHz | L28: 3.5 GHz | M28: 4 | O28: 35 W | P28: Q2 2013 | Q28: https://www.cpubenchmark.net/cpu.php?cpu=AMD A10-5750M APU&id=1920 | R28: =IF(COUNTIF(cpus!B:B, C28)>0, "found", "Missing") -> found | S28: =IF(COUNTIF(cpus!C:C, G28)>0, "found", "Missing") -> found
A29: =IF(COUNTIF(C29,"*Quad CPU]*"),"found","missing") -> missing | B29: =IF(COUNTIF(C29,"*[Dual CPU]*"),"found","missing") -> missing | C29: =SUBSTITUTE(SUBSTITUTE(SUBSTITUTE(SUBSTITUTE(SUBSTITUTE(I29," Dual Core","")," Quad Core","")," Quad-Core","")," Dual-Core","")," APU","") -> AMD A10-5757M | D29: =IF(ISNUMBER(SEARCH("AMD",H29)),"AMD", IF(ISNUMBER(SEARCH("Intel",H29)),"Intel", IF(ISNUMBER(SEARCH("Apple",H29)),"Apple", IF(ISNUMBER(SEARCH("ARM",H29)),"ARM", IF(ISNUMBER(SEARCH("Google",H29)),"Google", IF(ISNUMBER(SEARCH("MediaTek",H29)),"MediaTek", IF(ISNUMBER(SEARCH("Qualcomm",H29)),"Qualcomm", IF(ISNUMBER(SEARCH("Samsung",H29)),"Samsung", IF(ISNUMBER(SEARCH("Snapdragon",H29)),"Snapdragon",""))))))))) -> AMD | E29: =TRIM(SUBSTITUTE(SUBSTITUTE(SUBSTITUTE(SUBSTITUTE(SUBSTITUTE(SUBSTITUTE(SUBSTITUTE(SUBSTITUTE(SUBSTITUTE(H29, "Apple",""),"ARM",""),"Google",""),"MediaTek",""),"Qualcomm",""),"Samsung",""),"Snapdragon",""),"Intel",""),"AMD","")) -> A10-5757M | F29: =TRIM(SUBSTITUTE(SUBSTITUTE(SUBSTITUTE(SUBSTITUTE(SUBSTITUTE(SUBSTITUTE(SUBSTITUTE(SUBSTITUTE(SUBSTITUTE(E29, "Core2 Extreme",""),"Core2 Quad",""),"Core2 Duo",""),"Core",""), "Pentium Gold",""),"Pentium",""), "Xeon Platinum",""),"Xeon Gold",""),"Xeon Silver","")) -> A10-5757M | G29: =TRIM(SUBSTITUTE(F29,"Xeon","")) -> A10-5757M | H29: =IFERROR(LEFT(C29, SEARCH(" @", C29) - 1), C29) -> AMD A10-5757M | I29: AMD A10-5757M APU | J29: FP2 | K29: 2.5 GHz | L29: 3.5 GHz | M29: 4 | O29: 35 W | P29: Q3 2013 | Q29: https://www.cpubenchmark.net/cpu.php?cpu=AMD A10-5757M APU&id=1992 | R29: =IF(COUNTIF(cpus!B:B, C29)>0, "found", "Missing") -> found | S29: =IF(COUNTIF(cpus!C:C, G29)>0, "found", "Missing") -> found
A30: =IF(COUNTIF(C30,"*Quad CPU]*"),"found","missing") -> missing | B30: =IF(COUNTIF(C30,"*[Dual CPU]*"),"found","missing") -> missing | C30: =SUBSTITUTE(SUBSTITUTE(SUBSTITUTE(SUBSTITUTE(SUBSTITUTE(I30," Dual Core","")," Quad Core","")," Quad-Core","")," Dual-Core","")," APU","") -> AMD A10-5800B | D30: =IF(ISNUMBER(SEARCH("AMD",H30)),"AMD", IF(ISNUMBER(SEARCH("Intel",H30)),"Intel", IF(ISNUMBER(SEARCH("Apple",H30)),"Apple", IF(ISNUMBER(SEARCH("ARM",H30)),"ARM", IF(ISNUMBER(SEARCH("Google",H30)),"Google", IF(ISNUMBER(SEARCH("MediaTek",H30)),"MediaTek", IF(ISNUMBER(SEARCH("Qualcomm",H30)),"Qualcomm", IF(ISNUMBER(SEARCH("Samsung",H30)),"Samsung", IF(ISNUMBER(SEARCH("Snapdragon",H30)),"Snapdragon",""))))))))) -> AMD | E30: =TRIM(SUBSTITUTE(SUBSTITUTE(SUBSTITUTE(SUBSTITUTE(SUBSTITUTE(SUBSTITUTE(SUBSTITUTE(SUBSTITUTE(SUBSTITUTE(H30, "Apple",""),"ARM",""),"Google",""),"MediaTek",""),"Qualcomm",""),"Samsung",""),"Snapdragon",""),"Intel",""),"AMD","")) -> A10-5800B | F30: =TRIM(SUBSTITUTE(SUBSTITUTE(SUBSTITUTE(SUBSTITUTE(SUBSTITUTE(SUBSTITUTE(SUBSTITUTE(SUBSTITUTE(SUBSTITUTE(E30, "Core2 Extreme",""),"Core2 Quad",""),"Core2 Duo",""),"Core",""), "Pentium Gold",""),"Pentium",""), "Xeon Platinum",""),"Xeon Gold",""),"Xeon Silver","")) -> A10-5800B | G30: =TRIM(SUBSTITUTE(F30,"Xeon","")) -> A10-5800B | H30: =IFERROR(LEFT(C30, SEARCH(" @", C30) - 1), C30) -> AMD A10-5800B | I30: AMD A10-5800B APU | J30: FM2 | K30: 3.8 GHz | L30: 4.2 GHz | M30: 4 | O30: 100 W | P30: Q3 2013 | Q30: https://www.cpubenchmark.net/cpu.php?cpu=AMD A10-5800B APU&id=1990 | R30: =IF(COUNTIF(cpus!B:B, C30)>0, "found", "Missing") -> found | S30: =IF(COUNTIF(cpus!C:C, G30)>0, "found", "Missing") -> found
A31: =IF(COUNTIF(C31,"*Quad CPU]*"),"found","missing") -> missing | B31: =IF(COUNTIF(C31,"*[Dual CPU]*"),"found","missing") -> missing | C31: =SUBSTITUTE(SUBSTITUTE(SUBSTITUTE(SUBSTITUTE(SUBSTITUTE(I31," Dual Core","")," Quad Core","")," Quad-Core","")," Dual-Core","")," APU","") -> AMD A10-5800K | D31: =IF(ISNUMBER(SEARCH("AMD",H31)),"AMD", IF(ISNUMBER(SEARCH("Intel",H31)),"Intel", IF(ISNUMBER(SEARCH("Apple",H31)),"Apple", IF(ISNUMBER(SEARCH("ARM",H31)),"ARM", IF(ISNUMBER(SEARCH("Google",H31)),"Google", IF(ISNUMBER(SEARCH("MediaTek",H31)),"MediaTek", IF(ISNUMBER(SEARCH("Qualcomm",H31)),"Qualcomm", IF(ISNUMBER(SEARCH("Samsung",H31)),"Samsung", IF(ISNUMBER(SEARCH("Snapdragon",H31)),"Snapdragon",""))))))))) -> AMD | E31: =TRIM(SUBSTITUTE(SUBSTITUTE(SUBSTITUTE(SUBSTITUTE(SUBSTITUTE(SUBSTITUTE(SUBSTITUTE(SUBSTITUTE(SUBSTITUTE(H31, "Apple",""),"ARM",""),"Google",""),"MediaTek",""),"Qualcomm",""),"Samsung",""),"Snapdragon",""),"Intel",""),"AMD","")) -> A10-5800K | F31: =TRIM(SUBSTITUTE(SUBSTITUTE(SUBSTITUTE(SUBSTITUTE(SUBSTITUTE(SUBSTITUTE(SUBSTITUTE(SUBSTITUTE(SUBSTITUTE(E31, "Core2 Extreme",""),"Core2 Quad",""),"Core2 Duo",""),"Core",""), "Pentium Gold",""),"Pentium",""), "Xeon Platinum",""),"Xeon Gold",""),"Xeon Silver","")) -> A10-5800K | G31: =TRIM(SUBSTITUTE(F31,"Xeon","")) -> A10-5800K | H31: =IFERROR(LEFT(C31, SEARCH(" @", C31) - 1), C31) -> AMD A10-5800K | I31: AMD A10-5800K APU | J31: FM2 | K31: 3.8 GHz | L31: 4.2 GHz | M31: 4 | O31: 100 W | P31: Q4 2012 | Q31: https://www.cpubenchmark.net/cpu.php?cpu=AMD A10-5800K APU&id=1446 | R31: =IF(COUNTIF(cpus!B:B, C31)>0, "found", "Missing") -> found | S31: =IF(COUNTIF(cpus!C:C, G31)>0, "found", "Missing") -> found
... A48: =IF(COUNTIF(C48,"*Quad CPU]*"),"found","missing") -> missing | B48: =IF(COUNTIF(C48,"*[Dual CPU]*"),"found","missing") -> missing | C48: =SUBSTITUTE(SUBSTITUTE(SUBSTITUTE(SUBSTITUTE(SUBSTITUTE(I48," Dual Core","")," Quad Core","")," Quad-Core","")," Dual-Core","")," APU","") -> AMD A10-8780P | D48: =IF(ISNUMBER(SEARCH("AMD",H48)),"AMD", IF(ISNUMBER(SEARCH("Intel",H48)),"Intel", IF(ISNUMBER(SEARCH("Apple",H48)),"Apple", IF(ISNUMBER(SEARCH("ARM",H48)),"ARM", IF(ISNUMBER(SEARCH("Google",H48)),"Google", IF(ISNUMBER(SEARCH("MediaTek",H48)),"MediaTek", IF(ISNUMBER(SEARCH("Qualcomm",H48)),"Qualcomm", IF(ISNUMBER(SEARCH("Samsung",H48)),"Samsung", IF(ISNUMBER(SEARCH("Snapdragon",H48)),"Snapdragon",""))))))))) -> AMD | E48: =TRIM(SUBSTITUTE(SUBSTITUTE(SUBSTITUTE(SUBSTITUTE(SUBSTITUTE(SUBSTITUTE(SUBSTITUTE(SUBSTITUTE(SUBSTITUTE(H48, "Apple",""),"ARM",""),"Google",""),"MediaTek",""),"Qualcomm",""),"Samsung",""),"Snapdragon",""),"Intel",""),"AMD","")) -> A10-8780P | F48: =TRIM(SUBSTITUTE(SUBSTITUTE(SUBSTITUTE(SUBSTITUTE(SUBSTITUTE(SUBSTITUTE(SUBSTITUTE(SUBSTITUTE(SUBSTITUTE(E48, "Core2 Extreme",""),"Core2 Quad",""),"Core2 Duo",""),"Core",""), "Pentium Gold",""),"Pentium",""), "Xeon Platinum",""),"Xeon Gold",""),"Xeon Silver","")) -> A10-8780P | G48: =TRIM(SUBSTITUTE(F48,"Xeon","")) -> A10-8780P | H48: =IFERROR(LEFT(C48, SEARCH(" @", C48) - 1), C48) -> AMD A10-8780P | I48: AMD A10-8780P | J48: BGA (FP4) | K48: 2.0 GHz | L48: 3.3 GHz | M48: 4 | O48: 15 W | P48: Q2 2016 | Q48: https://www.cpubenchmark.net/cpu.php?cpu=AMD A10-8780P&id=2745 | R48: =IF(COUNTIF(cpus!B:B, C48)>0, "found", "Missing") -> found | S48: =IF(COUNTIF(cpus!C:C, G48)>0, "found", "Missing") -> found
A49: =IF(COUNTIF(C49,"*Quad CPU]*"),"found","missing") -> missing | B49: =IF(COUNTIF(C49,"*[Dual CPU]*"),"found","missing") -> missing | C49: =SUBSTITUTE(SUBSTITUTE(SUBSTITUTE(SUBSTITUTE(SUBSTITUTE(I49," Dual Core","")," Quad Core","")," Quad-Core","")," Dual-Core","")," APU","") -> AMD A10-8850 | D49: =IF(ISNUMBER(SEARCH("AMD",H49)),"AMD", IF(ISNUMBER(SEARCH("Intel",H49)),"Intel", IF(ISNUMBER(SEARCH("Apple",H49)),"Apple", IF(ISNUMBER(SEARCH("ARM",H49)),"ARM", IF(ISNUMBER(SEARCH("Google",H49)),"Google", IF(ISNUMBER(SEARCH("MediaTek",H49)),"MediaTek", IF(ISNUMBER(SEARCH("Qualcomm",H49)),"Qualcomm", IF(ISNUMBER(SEARCH("Samsung",H49)),"Samsung", IF(ISNUMBER(SEARCH("Snapdragon",H49)),"Snapdragon",""))))))))) -> AMD | E49: =TRIM(SUBSTITUTE(SUBSTITUTE(SUBSTITUTE(SUBSTITUTE(SUBSTITUTE(SUBSTITUTE(SUBSTITUTE(SUBSTITUTE(SUBSTITUTE(H49, "Apple",""),"ARM",""),"Google",""),"MediaTek",""),"Qualcomm",""),"Samsung",""),"Snapdragon",""),"Intel",""),"AMD","")) -> A10-8850 | F49: =TRIM(SUBSTITUTE(SUBSTITUTE(SUBSTITUTE(SUBSTITUTE(SUBSTITUTE(SUBSTITUTE(SUBSTITUTE(SUBSTITUTE(SUBSTITUTE(E49, "Core2 Extreme",""),"Core2 Quad",""),"Core2 Duo",""),"Core",""), "Pentium Gold",""),"Pentium",""), "Xeon Platinum",""),"Xeon Gold",""),"Xeon Silver","")) -> A10-8850 | G49: =TRIM(SUBSTITUTE(F49,"Xeon","")) -> A10-8850 | H49: =IFERROR(LEFT(C49, SEARCH(" @", C49) - 1), C49) -> AMD A10-8850 | I49: AMD A10-8850 | K49: 3.9 GHz | L49: 4.1 GHz | M49: 4 | P49: Q2 2016 | Q49: https://www.cpubenchmark.net/cpu.php?cpu=AMD A10-8850&id=2776 | R49: =IF(COUNTIF(cpus!B:B, C49)>0, "found", "Missing") -> found | S49: =IF(COUNTIF(cpus!C:C, G49)>0, "found", "Missing") -> found
A50: =IF(COUNTIF(C50,"*Quad CPU]*"),"found","missing") -> missing | B50: =IF(COUNTIF(C50,"*[Dual CPU]*"),"found","missing") -> missing | C50: =SUBSTITUTE(SUBSTITUTE(SUBSTITUTE(SUBSTITUTE(SUBSTITUTE(I50," Dual Core","")," Quad Core","")," Quad-Core","")," Dual-Core","")," APU","") -> AMD A10-9600P | D50: =IF(ISNUMBER(SEARCH("AMD",H50)),"AMD", IF(ISNUMBER(SEARCH("Intel",H50)),"Intel", IF(ISNUMBER(SEARCH("Apple",H50)),"Apple", IF(ISNUMBER(SEARCH("ARM",H50)),"ARM", IF(ISNUMBER(SEARCH("Google",H50)),"Google", IF(ISNUMBER(SEARCH("MediaTek",H50)),"MediaTek", IF(ISNUMBER(SEARCH("Qualcomm",H50)),"Qualcomm", IF(ISNUMBER(SEARCH("Samsung",H50)),"Samsung", IF(ISNUMBER(SEARCH("Snapdragon",H50)),"Snapdragon",""))))))))) -> AMD | E50: =TRIM(SUBSTITUTE(SUBSTITUTE(SUBSTITUTE(SUBSTITUTE(SUBSTITUTE(SUBSTITUTE(SUBSTITUTE(SUBSTITUTE(SUBSTITUTE(H50, "Apple",""),"ARM",""),"Google",""),"MediaTek",""),"Qualcomm",""),"Samsung",""),"Snapdragon",""),"Intel",""),"AMD","")) -> A10-9600P | F50: =TRIM(SUBSTITUTE(SUBSTITUTE(SUBSTITUTE(SUBSTITUTE(SUBSTITUTE(SUBSTITUTE(SUBSTITUTE(SUBSTITUTE(SUBSTITUTE(E50, "Core2 Extreme",""),"Core2 Quad",""),"Core2 Duo",""),"Core",""), "Pentium Gold",""),"Pentium",""), "Xeon Platinum",""),"Xeon Gold",""),"Xeon Silver","")) -> A10-9600P | G50: =TRIM(SUBSTITUTE(F50,"Xeon","")) -> A10-9600P | H50: =IFERROR(LEFT(C50, SEARCH(" @", C50) - 1), C50) -> AMD A10-9600P | I50: AMD A10-9600P | J50: FP4 | K50: 2.3 GHz | L50: 3.2 GHz | M50: 4 | O50: 15 W | P50: Q2 2016 | Q50: https://www.cpubenchmark.net/cpu.php?cpu=AMD A10-9600P&id=2793 | R50: =IF(COUNTIF(cpus!B:B, C50)>0, "found", "Missing") -> found | S50: =IF(COUNTIF(cpus!C:C, G50)>0, "found", "Missing") -> found
A51: =IF(COUNTIF(C51,"*Quad CPU]*"),"found","missing") -> missing | B51: =IF(COUNTIF(C51,"*[Dual CPU]*"),"found","missing") -> missing | C51: =SUBSTITUTE(SUBSTITUTE(SUBSTITUTE(SUBSTITUTE(SUBSTITUTE(I51," Dual Core","")," Quad Core","")," Quad-Core","")," Dual-Core","")," APU","") -> AMD A10-9620P | D51: =IF(ISNUMBER(SEARCH("AMD",H51)),"AMD", IF(ISNUMBER(SEARCH("Intel",H51)),"Intel", IF(ISNUMBER(SEARCH("Apple",H51)),"Apple", IF(ISNUMBER(SEARCH("ARM",H51)),"ARM", IF(ISNUMBER(SEARCH("Google",H51)),"Google", IF(ISNUMBER(SEARCH("MediaTek",H51)),"MediaTek", IF(ISNUMBER(SEARCH("Qualcomm",H51)),"Qualcomm", IF(ISNUMBER(SEARCH("Samsung",H51)),"Samsung", IF(ISNUMBER(SEARCH("Snapdragon",H51)),"Snapdragon",""))))))))) -> AMD | E51: =TRIM(SUBSTITUTE(SUBSTITUTE(SUBSTITUTE(SUBSTITUTE(SUBSTITUTE(SUBSTITUTE(SUBSTITUTE(SUBSTITUTE(SUBSTITUTE(H51, "Apple",""),"ARM",""),"Google",""),"MediaTek",""),"Qualcomm",""),"Samsung",""),"Snapdragon",""),"Intel",""),"AMD","")) -> A10-9620P | F51: =TRIM(SUBSTITUTE(SUBSTITUTE(SUBSTITUTE(SUBSTITUTE(SUBSTITUTE(SUBSTITUTE(SUBSTITUTE(SUBSTITUTE(SUBSTITUTE(E51, "Core2 Extreme",""),"Core2 Quad",""),"Core2 Duo",""),"Core",""), "Pentium Gold",""),"Pentium",""), "Xeon Platinum",""),"Xeon Gold",""),"Xeon Silver","")) -> A10-9620P | G51: =TRIM(SUBSTITUTE(F51,"Xeon","")) -> A10-9620P | H51: =IFERROR(LEFT(C51, SEARCH(" @", C51) - 1), C51) -> AMD A10-9620P | I51: AMD A10-9620P | K51: 2.5 GHz | L51: 3.4 GHz | M51: 4 | O51: 15 W | P51: Q3 2017 | Q51: https://www.cpubenchmark.net/cpu.php?cpu=AMD A10-9620P&id=3060 | R51: =IF(COUNTIF(cpus!B:B, C51)>0, "found", "Missing") -> found | S51: =IF(COUNTIF(cpus!C:C, G51)>0, "found", "Missing") -> found
A52: =IF(COUNTIF(C52,"*Quad CPU]*"),"found","missing") -> missing | B52: =IF(COUNTIF(C52,"*[Dual CPU]*"),"found","missing") -> missing | C52: =SUBSTITUTE(SUBSTITUTE(SUBSTITUTE(SUBSTITUTE(SUBSTITUTE(I52," Dual Core","")," Quad Core","")," Quad-Core","")," Dual-Core","")," APU","") -> AMD A10-9630P | D52: =IF(ISNUMBER(SEARCH("AMD",H52)),"AMD", IF(ISNUMBER(SEARCH("Intel",H52)),"Intel", IF(ISNUMBER(SEARCH("Apple",H52)),"Apple", IF(ISNUMBER(SEARCH("ARM",H52)),"ARM", IF(ISNUMBER(SEARCH("Google",H52)),"Google", IF(ISNUMBER(SEARCH("MediaTek",H52)),"MediaTek", IF(ISNUMBER(SEARCH("Qualcomm",H52)),"Qualcomm", IF(ISNUMBER(SEARCH("Samsung",H52)),"Samsung", IF(ISNUMBER(SEARCH("Snapdragon",H52)),"Snapdragon",""))))))))) -> AMD | E52: =TRIM(SUBSTITUTE(SUBSTITUTE(SUBSTITUTE(SUBSTITUTE(SUBSTITUTE(SUBSTITUTE(SUBSTITUTE(SUBSTITUTE(SUBSTITUTE(H52, "Apple",""),"ARM",""),"Google",""),"MediaTek",""),"Qualcomm",""),"Samsung",""),"Snapdragon",""),"Intel",""),"AMD","")) -> A10-9630P | F52: =TRIM(SUBSTITUTE(SUBSTITUTE(SUBSTITUTE(SUBSTITUTE(SUBSTITUTE(SUBSTITUTE(SUBSTITUTE(SUBSTITUTE(SUBSTITUTE(E52, "Core2 Extreme",""),"Core2 Quad",""),"Core2 Duo",""),"Core",""), "Pentium Gold",""),"Pentium",""), "Xeon Platinum",""),"Xeon Gold",""),"Xeon Silver","")) -> A10-9630P | G52: =TRIM(SUBSTITUTE(F52,"Xeon","")) -> A10-9630P | H52: =IFERROR(LEFT(C52, SEARCH(" @", C52) - 1), C52) -> AMD A10-9630P | I52: AMD A10-9630P | J52: FP4 | K52: 2.6 GHz | L52: 3.3 GHz | M52: 4 | O52: 35 W | P52: Q3 2016 | Q52: https://www.cpubenchmark.net/cpu.php?cpu=AMD A10-9630P&id=2857 | R52: =IF(COUNTIF(cpus!B:B, C52)>0, "found", "Missing") -> found | S52: =IF(COUNTIF(cpus!C:C, G52)>0, "found", "Missing") -> found
A53: =IF(COUNTIF(C53,"*Quad CPU]*"),"found","missing") -> missing | B53: =IF(COUNTIF(C53,"*[Dual CPU]*"),"found","missing") -> missing | C53: =SUBSTITUTE(SUBSTITUTE(SUBSTITUTE(SUBSTITUTE(SUBSTITUTE(I53," Dual Core","")," Quad Core","")," Quad-Core","")," Dual-Core","")," APU","") -> AMD A10-9700 | D53: =IF(ISNUMBER(SEARCH("AMD",H53)),"AMD", IF(ISNUMBER(SEARCH("Intel",H53)),"Intel", IF(ISNUMBER(SEARCH("Apple",H53)),"Apple", IF(ISNUMBER(SEARCH("ARM",H53)),"ARM", IF(ISNUMBER(SEARCH("Google",H53)),"Google", IF(ISNUMBER(SEARCH("MediaTek",H53)),"MediaTek", IF(ISNUMBER(SEARCH("Qualcomm",H53)),"Qualcomm", IF(ISNUMBER(SEARCH("Samsung",H53)),"Samsung", IF(ISNUMBER(SEARCH("Snapdragon",H53)),"Snapdragon",""))))))))) -> AMD | E53: =TRIM(SUBSTITUTE(SUBSTITUTE(SUBSTITUTE(SUBSTITUTE(SUBSTITUTE(SUBSTITUTE(SUBSTITUTE(SUBSTITUTE(SUBSTITUTE(H53, "Apple",""),"ARM",""),"Google",""),"MediaTek",""),"Qualcomm",""),"Samsung",""),"Snapdragon",""),"Intel",""),"AMD","")) -> A10-9700 | F53: =TRIM(SUBSTITUTE(SUBSTITUTE(SUBSTITUTE(SUBSTITUTE(SUBSTITUTE(SUBSTITUTE(SUBSTITUTE(SUBSTITUTE(SUBSTITUTE(E53, "Core2 Extreme",""),"Core2 Quad",""),"Core2 Duo",""),"Core",""), "Pentium Gold",""),"Pentium",""), "Xeon Platinum",""),"Xeon Gold",""),"Xeon Silver","")) -> A10-9700 | G53: =TRIM(SUBSTITUTE(F53,"Xeon","")) -> A10-9700 | H53: =IFERROR(LEFT(C53, SEARCH(" @", C53) - 1), C53) -> AMD A10-9700 | I53: AMD A10-9700 | J53: AM4 | K53: 3.5 GHz | L53: 3.8 GHz | M53: 4 | O53: 65 W | P53: Q4 2016 | Q53: https://www.cpubenchmark.net/cpu.php?cpu=AMD A10-9700&id=2900 | R53: =IF(COUNTIF(cpus!B:B, C53)>0, "found", "Missing") -> found | S53: =IF(COUNTIF(cpus!C:C, G53)>0, "found", "Missing") -> found
A54: =IF(COUNTIF(C54,"*Quad CPU]*"),"found","missing") -> missing | B54: =IF(COUNTIF(C54,"*[Dual CPU]*"),"found","missing") -> missing | C54: =SUBSTITUTE(SUBSTITUTE(SUBSTITUTE(SUBSTITUTE(SUBSTITUTE(I54," Dual Core","")," Quad Core","")," Quad-Core","")," Dual-Core","")," APU","") -> AMD A10-9700E | D54: =IF(ISNUMBER(SEARCH("AMD",H54)),"AMD", IF(ISNUMBER(SEARCH("Intel",H54)),"Intel", IF(ISNUMBER(SEARCH("Apple",H54)),"Apple", IF(ISNUMBER(SEARCH("ARM",H54)),"ARM", IF(ISNUMBER(SEARCH("Google",H54)),"Google", IF(ISNUMBER(SEARCH("MediaTek",H54)),"MediaTek", IF(ISNUMBER(SEARCH("Qualcomm",H54)),"Qualcomm", IF(ISNUMBER(SEARCH("Samsung",H54)),"Samsung", IF(ISNUMBER(SEARCH("Snapdragon",H54)),"Snapdragon",""))))))))) -> AMD | E54: =TRIM(SUBSTITUTE(SUBSTITUTE(SUBSTITUTE(SUBSTITUTE(SUBSTITUTE(SUBSTITUTE(SUBSTITUTE(SUBSTITUTE(SUBSTITUTE(H54, "Apple",""),"ARM",""),"Google",""),"MediaTek",""),"Qualcomm",""),"Samsung",""),"Snapdragon",""),"Intel",""),"AMD","")) -> A10-9700E | F54: =TRIM(SUBSTITUTE(SUBSTITUTE(SUBSTITUTE(SUBSTITUTE(SUBSTITUTE(SUBSTITUTE(SUBSTITUTE(SUBSTITUTE(SUBSTITUTE(E54, "Core2 Extreme",""),"Core2 Quad",""),"Core2 Duo",""),"Core",""), "Pentium Gold",""),"Pentium",""), "Xeon Platinum",""),"Xeon Gold",""),"Xeon Silver","")) -> A10-9700E | G54: =TRIM(SUBSTITUTE(F54,"Xeon","")) -> A10-9700E | H54: =IFERROR(LEFT(C54, SEARCH(" @", C54) - 1), C54) -> AMD A10-9700E | I54: AMD A10-9700E | J54: AM4 | K54: 3.0 GHz | L54: 3.5 GHz | M54: 4 | O54: 35 W | P54: Q4 2017 | Q54: https://www.cpubenchmark.net/cpu.php?cpu=AMD A10-9700E&id=3133 | R54: =IF(COUNTIF(cpus!B:B, C54)>0, "found", "Missing") -> found | S54: =IF(COUNTIF(cpus!C:C, G54)>0, "found", "Missing") -> found
A55: =IF(COUNTIF(C55,"*Quad CPU]*"),"found","missing") -> missing | B55: =IF(COUNTIF(C55,"*[Dual CPU]*"),"found","missing") -> missing | C55: =SUBSTITUTE(SUBSTITUTE(SUBSTITUTE(SUBSTITUTE(SUBSTITUTE(I55," Dual Core","")," Quad Core","")," Quad-Core","")," Dual-Core","")," APU","") -> AMD A12-9700P | D55: =IF(ISNUMBER(SEARCH("AMD",H55)),"AMD", IF(ISNUMBER(SEARCH("Intel",H55)),"Intel", IF(ISNUMBER(SEARCH("Apple",H55)),"Apple", IF(ISNUMBER(SEARCH("ARM",H55)),"ARM", IF(ISNUMBER(SEARCH("Google",H55)),"Google", IF(ISNUMBER(SEARCH("MediaTek",H55)),"MediaTek", IF(ISNUMBER(SEARCH("Qualcomm",H55)),"Qualcomm", IF(ISNUMBER(SEARCH("Samsung",H55)),"Samsung", IF(ISNUMBER(SEARCH("Snapdragon",H55)),"Snapdragon",""))))))))) -> AMD | E55: =TRIM(SUBSTITUTE(SUBSTITUTE(SUBSTITUTE(SUBSTITUTE(SUBSTITUTE(SUBSTITUTE(SUBSTITUTE(SUBSTITUTE(SUBSTITUTE(H55, "Apple",""),"ARM",""),"Google",""),"MediaTek",""),"Qualcomm",""),"Samsung",""),"Snapdragon",""),"Intel",""),"AMD","")) -> A12-9700P | F55: =TRIM(SUBSTITUTE(SUBSTITUTE(SUBSTITUTE(SUBSTITUTE(SUBSTITUTE(SUBSTITUTE(SUBSTITUTE(SUBSTITUTE(SUBSTITUTE(E55, "Core2 Extreme",""),"Core2 Quad",""),"Core2 Duo",""),"Core",""), "Pentium Gold",""),"Pentium",""), "Xeon Platinum",""),"Xeon Gold",""),"Xeon Silver","")) -> A12-9700P | G55: =TRIM(SUBSTITUTE(F55,"Xeon","")) -> A12-9700P | H55: =IFERROR(LEFT(C55, SEARCH(" @", C55) - 1), C55) -> AMD A12-9700P | I55: AMD A12-9700P | J55: FP4 | K55: 2.5 GHz | L55: 3.4 GHz | M55: 4 | O55: 15 W | P55: Q3 2016 | Q55: https://www.cpubenchmark.net/cpu.php?cpu=AMD A12-9700P&id=2848 | R55: =IF(COUNTIF(cpus!B:B, C55)>0, "found", "Missing") -> found | S55: =IF(COUNTIF(cpus!C:C, G55)>0, "found", "Missing") -> found
A56: =IF(COUNTIF(C56,"*Quad CPU]*"),"found","missing") -> missing | B56: =IF(COUNTIF(C56,"*[Dual CPU]*"),"found","missing") -> missing | C56: =SUBSTITUTE(SUBSTITUTE(SUBSTITUTE(SUBSTITUTE(SUBSTITUTE(I56," Dual Core","")," Quad Core","")," Quad-Core","")," Dual-Core","")," APU","") -> AMD A12-9720P | D56: =IF(ISNUMBER(SEARCH("AMD",H56)),"AMD", IF(ISNUMBER(SEARCH("Intel",H56)),"Intel", IF(ISNUMBER(SEARCH("Apple",H56)),"Apple", IF(ISNUMBER(SEARCH("ARM",H56)),"ARM", IF(ISNUMBER(SEARCH("Google",H56)),"Google", IF(ISNUMBER(SEARCH("MediaTek",H56)),"MediaTek", IF(ISNUMBER(SEARCH("Qualcomm",H56)),"Qualcomm", IF(ISNUMBER(SEARCH("Samsung",H56)),"Samsung", IF(ISNUMBER(SEARCH("Snapdragon",H56)),"Snapdragon",""))))))))) -> AMD | E56: =TRIM(SUBSTITUTE(SUBSTITUTE(SUBSTITUTE(SUBSTITUTE(SUBSTITUTE(SUBSTITUTE(SUBSTITUTE(SUBSTITUTE(SUBSTITUTE(H56, "Apple",""),"ARM",""),"Google",""),"MediaTek",""),"Qualcomm",""),"Samsung",""),"Snapdragon",""),"Intel",""),"AMD","")) -> A12-9720P | F56: =TRIM(SUBSTITUTE(SUBSTITUTE(SUBSTITUTE(SUBSTITUTE(SUBSTITUTE(SUBSTITUTE(SUBSTITUTE(SUBSTITUTE(SUBSTITUTE(E56, "Core2 Extreme",""),"Core2 Quad",""),"Core2 Duo",""),"Core",""), "Pentium Gold",""),"Pentium",""), "Xeon Platinum",""),"Xeon Gold",""),"Xeon Silver","")) -> A12-9720P | G56: =TRIM(SUBSTITUTE(F56,"Xeon","")) -> A12-9720P | H56: =IFERROR(LEFT(C56, SEARCH(" @", C56) - 1), C56) -> AMD A12-9720P | I56: AMD A12-9720P | J56: FP4 | K56: 2.7 GHz | L56: 3.6 GHz | M56: 4 | O56: 15 W | P56: Q3 2017 | Q56: https://www.cpubenchmark.net/cpu.php?cpu=AMD A12-9720P&id=3043 | R56: =IF(COUNTIF(cpus!B:B, C56)>0, "found", "Missing") -> found | S56: =IF(COUNTIF(cpus!C:C, G56)>0, "found", "Missing") -> found
A57: =IF(COUNTIF(C57,"*Quad CPU]*"),"found","missing") -> missing | B57: =IF(COUNTIF(C57,"*[Dual CPU]*"),"found","missing") -> missing | C57: =SUBSTITUTE(SUBSTITUTE(SUBSTITUTE(SUBSTITUTE(SUBSTITUTE(I57," Dual Core","")," Quad Core","")," Quad-Core","")," Dual-Core","")," APU","") -> AMD A12-9730P | D57: =IF(ISNUMBER(SEARCH("AMD",H57)),"AMD", IF(ISNUMBER(SEARCH("Intel",H57)),"Intel", IF(ISNUMBER(SEARCH("Apple",H57)),"Apple", IF(ISNUMBER(SEARCH("ARM",H57)),"ARM", IF(ISNUMBER(SEARCH("Google",H57)),"Google", IF(ISNUMBER(SEARCH("MediaTek",H57)),"MediaTek", IF(ISNUMBER(SEARCH("Qualcomm",H57)),"Qualcomm", IF(ISNUMBER(SEARCH("Samsung",H57)),"Samsung", IF(ISNUMBER(SEARCH("Snapdragon",H57)),"Snapdragon",""))))))))) -> AMD | E57: =TRIM(SUBSTITUTE(SUBSTITUTE(SUBSTITUTE(SUBSTITUTE(SUBSTITUTE(SUBSTITUTE(SUBSTITUTE(SUBSTITUTE(SUBSTITUTE(H57, "Apple",""),"ARM",""),"Google",""),"MediaTek",""),"Qualcomm",""),"Samsung",""),"Snapdragon",""),"Intel",""),"AMD","")) -> A12-9730P | F57: =TRIM(SUBSTITUTE(SUBSTITUTE(SUBSTITUTE(SUBSTITUTE(SUBSTITUTE(SUBSTITUTE(SUBSTITUTE(SUBSTITUTE(SUBSTITUTE(E57, "Core2 Extreme",""),"Core2 Quad",""),"Core2 Duo",""),"Core",""), "Pentium Gold",""),"Pentium",""), "Xeon Platinum",""),"Xeon Gold",""),"Xeon Silver","")) -> A12-9730P | G57: =TRIM(SUBSTITUTE(F57,"Xeon","")) -> A12-9730P | H57: =IFERROR(LEFT(C57, SEARCH(" @", C57) - 1), C57) -> AMD A12-9730P | I57: AMD A12-9730P | J57: FP4 | K57: 2.8 GHz | L57: 3.5 GHz | M57: 4 | O57: 35 W | P57: Q3 2017 | Q57: https://www.cpubenchmark.net/cpu.php?cpu=AMD A12-9730P&id=3040 | R57: =IF(COUNTIF(cpus!B:B, C57)>0, "found", "Missing") -> found | S57: =IF(COUNTIF(cpus!C:C, G57)>0, "found", "Missing") -> found
A58: =IF(COUNTIF(C58,"*Quad CPU]*"),"found","missing") -> missing | B58: =IF(COUNTIF(C58,"*[Dual CPU]*"),"found","missing") -> missing | C58: =SUBSTITUTE(SUBSTITUTE(SUBSTITUTE(SUBSTITUTE(SUBSTITUTE(I58," Dual Core","")," Quad Core","")," Quad-Core","")," Dual-Core","")," APU","") -> AMD A12-9800 | D58: =IF(ISNUMBER(SEARCH("AMD",H58)),"AMD", IF(ISNUMBER(SEARCH("Intel",H58)),"Intel", IF(ISNUMBER(SEARCH("Apple",H58)),"Apple", IF(ISNUMBER(SEARCH("ARM",H58)),"ARM", IF(ISNUMBER(SEARCH("Google",H58)),"Google", IF(ISNUMBER(SEARCH("MediaTek",H58)),"MediaTek", IF(ISNUMBER(SEARCH("Qualcomm",H58)),"Qualcomm", IF(ISNUMBER(SEARCH("Samsung",H58)),"Samsung", IF(ISNUMBER(SEARCH("Snapdragon",H58)),"Snapdragon",""))))))))) -> AMD | E58: =TRIM(SUBSTITUTE(SUBSTITUTE(SUBSTITUTE(SUBSTITUTE(SUBSTITUTE(SUBSTITUTE(SUBSTITUTE(SUBSTITUTE(SUBSTITUTE(H58, "Apple",""),"ARM",""),"Google",""),"MediaTek",""),"Qualcomm",""),"Samsung",""),"Snapdragon",""),"Intel",""),"AMD","")) -> A12-9800 | F58: =TRIM(SUBSTITUTE(SUBSTITUTE(SUBSTITUTE(SUBSTITUTE(SUBSTITUTE(SUBSTITUTE(SUBSTITUTE(SUBSTITUTE(SUBSTITUTE(E58, "Core2 Extreme",""),"Core2 Quad",""),"Core2 Duo",""),"Core",""), "Pentium Gold",""),"Pentium",""), "Xeon Platinum",""),"Xeon Gold",""),"Xeon Silver","")) -> A12-9800 | G58: =TRIM(SUBSTITUTE(F58,"Xeon","")) -> A12-9800 | H58: =IFERROR(LEFT(C58, SEARCH(" @", C58) - 1), C58) -> AMD A12-9800 | I58: AMD A12-9800 | J58: AM4 | K58: 3.8 GHz | L58: 4.2 GHz | M58: 4 | O58: 65 W | P58: Q4 2016 | Q58: https://www.cpubenchmark.net/cpu.php?cpu=AMD A12-9800&id=2861 | R58: =IF(COUNTIF(cpus!B:B, C58)>0, "found", "Missing") -> found | S58: =IF(COUNTIF(cpus!C:C, G58)>0, "found", "Missing") -> found
A59: =IF(COUNTIF(C59,"*Quad CPU]*"),"found","missing") -> missing | B59: =IF(COUNTIF(C59,"*[Dual CPU]*"),"found","missing") -> missing | C59: =SUBSTITUTE(SUBSTITUTE(SUBSTITUTE(SUBSTITUTE(SUBSTITUTE(I59," Dual Core","")," Quad Core","")," Quad-Core","")," Dual-Core","")," APU","") -> AMD A12-9800E | D59: =IF(ISNUMBER(SEARCH("AMD",H59)),"AMD", IF(ISNUMBER(SEARCH("Intel",H59)),"Intel", IF(ISNUMBER(SEARCH("Apple",H59)),"Apple", IF(ISNUMBER(SEARCH("ARM",H59)),"ARM", IF(ISNUMBER(SEARCH("Google",H59)),"Google", IF(ISNUMBER(SEARCH("MediaTek",H59)),"MediaTek", IF(ISNUMBER(SEARCH("Qualcomm",H59)),"Qualcomm", IF(ISNUMBER(SEARCH("Samsung",H59)),"Samsung", IF(ISNUMBER(SEARCH("Snapdragon",H59)),"Snapdragon",""))))))))) -> AMD | E59: =TRIM(SUBSTITUTE(SUBSTITUTE(SUBSTITUTE(SUBSTITUTE(SUBSTITUTE(SUBSTITUTE(SUBSTITUTE(SUBSTITUTE(SUBSTITUTE(H59, "Apple",""),"ARM",""),"Google",""),"MediaTek",""),"Qualcomm",""),"Samsung",""),"Snapdragon",""),"Intel",""),"AMD","")) -> A12-9800E | F59: =TRIM(SUBSTITUTE(SUBSTITUTE(SUBSTITUTE(SUBSTITUTE(SUBSTITUTE(SUBSTITUTE(SUBSTITUTE(SUBSTITUTE(SUBSTITUTE(E59, "Core2 Extreme",""),"Core2 Quad",""),"Core2 Duo",""),"Core",""), "Pentium Gold",""),"Pentium",""), "Xeon Platinum",""),"Xeon Gold",""),"Xeon Silver","")) -> A12-9800E | G59: =TRIM(SUBSTITUTE(F59,"Xeon","")) -> A12-9800E | H59: =IFERROR(LEFT(C59, SEARCH(" @", C59) - 1), C59) -> AMD A12-9800E | I59: AMD A12-9800E | J59: AM4 | K59: 3.1 GHz | L59: 3.8 GHz | M59: 4 | O59: 35 W | P59: Q3 2017 | Q59: https://www.cpubenchmark.net/cpu.php?cpu=AMD A12-9800E&id=3083 | R59: =IF(COUNTIF(cpus!B:B, C59)>0, "found", "Missing") -> found | S59: =IF(COUNTIF(cpus!C:C, G59)>0, "found", "Missing") -> found
A60: =IF(COUNTIF(C60,"*Quad CPU]*"),"found","missing") -> missing | B60: =IF(COUNTIF(C60,"*[Dual CPU]*"),"found","missing") -> missing | C60: =SUBSTITUTE(SUBSTITUTE(SUBSTITUTE(SUBSTITUTE(SUBSTITUTE(I60," Dual Core","")," Quad Core","")," Quad-Core","")," Dual-Core","")," APU","") -> AMD A4 Micro-6400T | D60: =IF(ISNUMBER(SEARCH("AMD",H60)),"AMD", IF(ISNUMBER(SEARCH("Intel",H60)),"Intel", IF(ISNUMBER(SEARCH("Apple",H60)),"Apple", IF(ISNUMBER(SEARCH("ARM",H60)),"ARM", IF(ISNUMBER(SEARCH("Google",H60)),"Google", IF(ISNUMBER(SEARCH("MediaTek",H60)),"MediaTek", IF(ISNUMBER(SEARCH("Qualcomm",H60)),"Qualcomm", IF(ISNUMBER(SEARCH("Samsung",H60)),"Samsung", IF(ISNUMBER(SEARCH("Snapdragon",H60)),"Snapdragon",""))))))))) -> AMD | E60: =TRIM(SUBSTITUTE(SUBSTITUTE(SUBSTITUTE(SUBSTITUTE(SUBSTITUTE(SUBSTITUTE(SUBSTITUTE(SUBSTITUTE(SUBSTITUTE(H60, "Apple",""),"ARM",""),"Google",""),"MediaTek",""),"Qualcomm",""),"Samsung",""),"Snapdragon",""),"Intel",""),"AMD","")) -> A4 Micro-6400T | F60: =TRIM(SUBSTITUTE(SUBSTITUTE(SUBSTITUTE(SUBSTITUTE(SUBSTITUTE(SUBSTITUTE(SUBSTITUTE(SUBSTITUTE(SUBSTITUTE(E60, "Core2 Extreme",""),"Core2 Quad",""),"Core2 Duo",""),"Core",""), "Pentium Gold",""),"Pentium",""), "Xeon Platinum",""),"Xeon Gold",""),"Xeon Silver","")) -> A4 Micro-6400T | G60: =TRIM(SUBSTITUTE(F60,"Xeon","")) -> A4 Micro-6400T | H60: =IFERROR(LEFT(C60, SEARCH(" @", C60) - 1), C60) -> AMD A4 Micro-6400T | I60: AMD A4 Micro-6400T APU | J60: FT3b | K60: 1.0 GHz | L60: 1.6 GHz | M60: 4 | N60: 4 | O60: 4.5 W | P60: Q4 2014 | Q60: https://www.cpubenchmark.net/cpu.php?cpu=AMD A4 Micro-6400T APU&id=2413 | R60: =IF(COUNTIF(cpus!B:B, C60)>0, "found", "Missing") -> found | S60: =IF(COUNTIF(cpus!C:C, G60)>0, "found", "Missing") -> found
A61: =IF(COUNTIF(C61,"*Quad CPU]*"),"found","missing") -> missing | B61: =IF(COUNTIF(C61,"*[Dual CPU]*"),"found","missing") -> missing | C61: =SUBSTITUTE(SUBSTITUTE(SUBSTITUTE(SUBSTITUTE(SUBSTITUTE(I61," Dual Core","")," Quad Core","")," Quad-Core","")," Dual-Core","")," APU","") -> AMD A4 PRO-3340B | D61: =IF(ISNUMBER(SEARCH("AMD",H61)),"AMD", IF(ISNUMBER(SEARCH("Intel",H61)),"Intel", IF(ISNUMBER(SEARCH("Apple",H61)),"Apple", IF(ISNUMBER(SEARCH("ARM",H61)),"ARM", IF(ISNUMBER(SEARCH("Google",H61)),"Google", IF(ISNUMBER(SEARCH("MediaTek",H61)),"MediaTek", IF(ISNUMBER(SEARCH("Qualcomm",H61)),"Qualcomm", IF(ISNUMBER(SEARCH("Samsung",H61)),"Samsung", IF(ISNUMBER(SEARCH("Snapdragon",H61)),"Snapdragon",""))))))))) -> AMD | E61: =TRIM(SUBSTITUTE(SUBSTITUTE(SUBSTITUTE(SUBSTITUTE(SUBSTITUTE(SUBSTITUTE(SUBSTITUTE(SUBSTITUTE(SUBSTITUTE(H61, "Apple",""),"ARM",""),"Google",""),"MediaTek",""),"Qualcomm",""),"Samsung",""),"Snapdragon",""),"Intel",""),"AMD","")) -> A4 PRO-3340B | F61: =TRIM(SUBSTITUTE(SUBSTITUTE(SUBSTITUTE(SUBSTITUTE(SUBSTITUTE(SUBSTITUTE(SUBSTITUTE(SUBSTITUTE(SUBSTITUTE(E61, "Core2 Extreme",""),"Core2 Quad",""),"Core2 Duo",""),"Core",""), "Pentium Gold",""),"Pentium",""), "Xeon Platinum",""),"Xeon Gold",""),"Xeon Silver","")) -> A4 PRO-3340B | G61: =TRIM(SUBSTITUTE(F61,"Xeon","")) -> A4 PRO-3340B | H61: =IFERROR(LEFT(C61, SEARCH(" @", C61) - 1), C61) -> AMD A4 PRO-3340B | I61: AMD A4 PRO-3340B | J61: BGA769 (FT3) | K61: 2.2 GHz | M61: 4 | N61: 4 | O61: 25 W | P61: Q4 2015 | Q61: https://www.cpubenchmark.net/cpu.php?cpu=AMD A4 PRO-3340B&id=2653 | R61: =IF(COUNTIF(cpus!B:B, C61)>0, "found", "Missing") -> found | S61: =IF(COUNTIF(cpus!C:C, G61)>0, "found", "Missing") -> found
A62: =IF(COUNTIF(C62,"*Quad CPU]*"),"found","missing") -> missing | B62: =IF(COUNTIF(C62,"*[Dual CPU]*"),"found","missing") -> missing | C62: =SUBSTITUTE(SUBSTITUTE(SUBSTITUTE(SUBSTITUTE(SUBSTITUTE(I62," Dual Core","")," Quad Core","")," Quad-Core","")," Dual-Core","")," APU","") -> AMD A4 PRO-7300B | D62: =IF(ISNUMBER(SEARCH("AMD",H62)),"AMD", IF(ISNUMBER(SEARCH("Intel",H62)),"Intel", IF(ISNUMBER(SEARCH("Apple",H62)),"Apple", IF(ISNUMBER(SEARCH("ARM",H62)),"ARM", IF(ISNUMBER(SEARCH("Google",H62)),"Google", IF(ISNUMBER(SEARCH("MediaTek",H62)),"MediaTek", IF(ISNUMBER(SEARCH("Qualcomm",H62)),"Qualcomm", IF(ISNUMBER(SEARCH("Samsung",H62)),"Samsung", IF(ISNUMBER(SEARCH("Snapdragon",H62)),"Snapdragon",""))))))))) -> AMD | E62: =TRIM(SUBSTITUTE(SUBSTITUTE(SUBSTITUTE(SUBSTITUTE(SUBSTITUTE(SUBSTITUTE(SUBSTITUTE(SUBSTITUTE(SUBSTITUTE(H62, "Apple",""),"ARM",""),"Google",""),"MediaTek",""),"Qualcomm",""),"Samsung",""),"Snapdragon",""),"Intel",""),"AMD","")) -> A4 PRO-7300B | F62: =TRIM(SUBSTITUTE(SUBSTITUTE(SUBSTITUTE(SUBSTITUTE(SUBSTITUTE(SUBSTITUTE(SUBSTITUTE(SUBSTITUTE(SUBSTITUTE(E62, "Core2 Extreme",""),"Core2 Quad",""),"Core2 Duo",""),"Core",""), "Pentium Gold",""),"Pentium",""), "Xeon Platinum",""),"Xeon Gold",""),"Xeon Silver","")) -> A4 PRO-7300B | G62: =TRIM(SUBSTITUTE(F62,"Xeon","")) -> A4 PRO-7300B | H62: =IFERROR(LEFT(C62, SEARCH(" @", C62) - 1), C62) -> AMD A4 PRO-7300B | I62: AMD A4 PRO-7300B APU | K62: 3.8 GHz | L62: 4.0 GHz | M62: 2 | O62: 65 W | P62: Q4 2014 | Q62: https://www.cpubenchmark.net/cpu.php?cpu=AMD A4 PRO-7300B APU&id=2439 | R62: =IF(COUNTIF(cpus!B:B, C62)>0, "found", "Missing") -> found | S62: =IF(COUNTIF(cpus!C:C, G62)>0, "found", "Missing") -> found
A63: =IF(COUNTIF(C63,"*Quad CPU]*"),"found","missing") -> missing | B63: =IF(COUNTIF(C63,"*[Dual CPU]*"),"found","missing") -> missing | C63: =SUBSTITUTE(SUBSTITUTE(SUBSTITUTE(SUBSTITUTE(SUBSTITUTE(I63," Dual Core","")," Quad Core","")," Quad-Core","")," Dual-Core","")," APU","") -> AMD A4 PRO-7350B | D63: =IF(ISNUMBER(SEARCH("AMD",H63)),"AMD", IF(ISNUMBER(SEARCH("Intel",H63)),"Intel", IF(ISNUMBER(SEARCH("Apple",H63)),"Apple", IF(ISNUMBER(SEARCH("ARM",H63)),"ARM", IF(ISNUMBER(SEARCH("Google",H63)),"Google", IF(ISNUMBER(SEARCH("MediaTek",H63)),"MediaTek", IF(ISNUMBER(SEARCH("Qualcomm",H63)),"Qualcomm", IF(ISNUMBER(SEARCH("Samsung",H63)),"Samsung", IF(ISNUMBER(SEARCH("Snapdragon",H63)),"Snapdragon",""))))))))) -> AMD | E63: =TRIM(SUBSTITUTE(SUBSTITUTE(SUBSTITUTE(SUBSTITUTE(SUBSTITUTE(SUBSTITUTE(SUBSTITUTE(SUBSTITUTE(SUBSTITUTE(H63, "Apple",""),"ARM",""),"Google",""),"MediaTek",""),"Qualcomm",""),"Samsung",""),"Snapdragon",""),"Intel",""),"AMD","")) -> A4 PRO-7350B | F63: =TRIM(SUBSTITUTE(SUBSTITUTE(SUBSTITUTE(SUBSTITUTE(SUBSTITUTE(SUBSTITUTE(SUBSTITUTE(SUBSTITUTE(SUBSTITUTE(E63, "Core2 Extreme",""),"Core2 Quad",""),"Core2 Duo",""),"Core",""), "Pentium Gold",""),"Pentium",""), "Xeon Platinum",""),"Xeon Gold",""),"Xeon Silver","")) -> A4 PRO-7350B | G63: =TRIM(SUBSTITUTE(F63,"Xeon","")) -> A4 PRO-7350B | H63: =IFERROR(LEFT(C63, SEARCH(" @", C63) - 1), C63) -> AMD A4 PRO-7350B | I63: AMD A4 PRO-7350B | J63: FM2+ | K63: 3.4 GHz | L63: 3.8 GHz | M63: 2 | O63: 65 W | P63: Q4 2014 | Q63: https://www.cpubenchmark.net/cpu.php?cpu=AMD A4 PRO-7350B&id=2450 | R63: =IF(COUNTIF(cpus!B:B, C63)>0, "found", "Missing") -> found | S63: =IF(COUNTIF(cpus!C:C, G63)>0, "found", "Missing") -> found
A64: =IF(COUNTIF(C64,"*Quad CPU]*"),"found","missing") -> missing | B64: =IF(COUNTIF(C64,"*[Dual CPU]*"),"found","missing") -> missing | C64: =SUBSTITUTE(SUBSTITUTE(SUBSTITUTE(SUBSTITUTE(SUBSTITUTE(I64," Dual Core","")," Quad Core","")," Quad-Core","")," Dual-Core","")," APU","") -> AMD A4-1200 | D64: =IF(ISNUMBER(SEARCH("AMD",H64)),"AMD", IF(ISNUMBER(SEARCH("Intel",H64)),"Intel", IF(ISNUMBER(SEARCH("Apple",H64)),"Apple", IF(ISNUMBER(SEARCH("ARM",H64)),"ARM", IF(ISNUMBER(SEARCH("Google",H64)),"Google", IF(ISNUMBER(SEARCH("MediaTek",H64)),"MediaTek", IF(ISNUMBER(SEARCH("Qualcomm",H64)),"Qualcomm", IF(ISNUMBER(SEARCH("Samsung",H64)),"Samsung", IF(ISNUMBER(SEARCH("Snapdragon",H64)),"Snapdragon",""))))))))) -> AMD | E64: =TRIM(SUBSTITUTE(SUBSTITUTE(SUBSTITUTE(SUBSTITUTE(SUBSTITUTE(SUBSTITUTE(SUBSTITUTE(SUBSTITUTE(SUBSTITUTE(H64, "Apple",""),"ARM",""),"Google",""),"MediaTek",""),"Qualcomm",""),"Samsung",""),"Snapdragon",""),"Intel",""),"AMD","")) -> A4-1200 | F64: =TRIM(SUBSTITUTE(SUBSTITUTE(SUBSTITUTE(SUBSTITUTE(SUBSTITUTE(SUBSTITUTE(SUBSTITUTE(SUBSTITUTE(SUBSTITUTE(E64, "Core2 Extreme",""),"Core2 Quad",""),"Core2 Duo",""),"Core",""), "Pentium Gold",""),"Pentium",""), "Xeon Platinum",""),"Xeon Gold",""),"Xeon Silver","")) -> A4-1200 | G64: =TRIM(SUBSTITUTE(F64,"Xeon","")) -> A4-1200 | H64: =IFERROR(LEFT(C64, SEARCH(" @", C64) - 1), C64) -> AMD A4-1200 | I64: AMD A4-1200 APU | J64: FT3 | K64: 1.0 GHz | M64: 2 | N64: 2 | O64: 3.9 W | P64: Q4 2013 | Q64: https://www.cpubenchmark.net/cpu.php?cpu=AMD A4-1200 APU&id=2049 | R64: =IF(COUNTIF(cpus!B:B, C64)>0, "found", "Missing") -> found | S64: =IF(COUNTIF(cpus!C:C, G64)>0, "found", "Missing") -> found
A65: =IF(COUNTIF(C65,"*Quad CPU]*"),"found","missing") -> missing | B65: =IF(COUNTIF(C65,"*[Dual CPU]*"),"found","missing") -> missing | C65: =SUBSTITUTE(SUBSTITUTE(SUBSTITUTE(SUBSTITUTE(SUBSTITUTE(I65," Dual Core","")," Quad Core","")," Quad-Core","")," Dual-Core","")," APU","") -> AMD A4-1250 | D65: =IF(ISNUMBER(SEARCH("AMD",H65)),"AMD", IF(ISNUMBER(SEARCH("Intel",H65)),"Intel", IF(ISNUMBER(SEARCH("Apple",H65)),"Apple", IF(ISNUMBER(SEARCH("ARM",H65)),"ARM", IF(ISNUMBER(SEARCH("Google",H65)),"Google", IF(ISNUMBER(SEARCH("MediaTek",H65)),"MediaTek", IF(ISNUMBER(SEARCH("Qualcomm",H65)),"Qualcomm", IF(ISNUMBER(SEARCH("Samsung",H65)),"Samsung", IF(ISNUMBER(SEARCH("Snapdragon",H65)),"Snapdragon",""))))))))) -> AMD | E65: =TRIM(SUBSTITUTE(SUBSTITUTE(SUBSTITUTE(SUBSTITUTE(SUBSTITUTE(SUBSTITUTE(SUBSTITUTE(SUBSTITUTE(SUBSTITUTE(H65, "Apple",""),"ARM",""),"Google",""),"MediaTek",""),"Qualcomm",""),"Samsung",""),"Snapdragon",""),"Intel",""),"AMD","")) -> A4-1250 | F65: =TRIM(SUBSTITUTE(SUBSTITUTE(SUBSTITUTE(SUBSTITUTE(SUBSTITUTE(SUBSTITUTE(SUBSTITUTE(SUBSTITUTE(SUBSTITUTE(E65, "Core2 Extreme",""),"Core2 Quad",""),"Core2 Duo",""),"Core",""), "Pentium Gold",""),"Pentium",""), "Xeon Platinum",""),"Xeon Gold",""),"Xeon Silver","")) -> A4-1250 | G65: =TRIM(SUBSTITUTE(F65,"Xeon","")) -> A4-1250 | H65: =IFERROR(LEFT(C65, SEARCH(" @", C65) - 1), C65) -> AMD A4-1250 | I65: AMD A4-1250 APU | J65: FT3 | K65: 1.0 GHz | M65: 2 | N65: 2 | O65: 8 W | P65: Q3 2013 | Q65: https://www.cpubenchmark.net/cpu.php?cpu=AMD A4-1250 APU&id=1970 | R65: =IF(COUNTIF(cpus!B:B, C65)>0, "found", "Missing") -> found | S65: =IF(COUNTIF(cpus!C:C, G65)>0, "found", "Missing") -> found
A66: =IF(COUNTIF(C66,"*Quad CPU]*"),"found","missing") -> missing | B66: =IF(COUNTIF(C66,"*[Dual CPU]*"),"found","missing") -> missing | C66: =SUBSTITUTE(SUBSTITUTE(SUBSTITUTE(SUBSTITUTE(SUBSTITUTE(I66," Dual Core","")," Quad Core","")," Quad-Core","")," Dual-Core","")," APU","") -> AMD A4-1350 | D66: =IF(ISNUMBER(SEARCH("AMD",H66)),"AMD", IF(ISNUMBER(SEARCH("Intel",H66)),"Intel", IF(ISNUMBER(SEARCH("Apple",H66)),"Apple", IF(ISNUMBER(SEARCH("ARM",H66)),"ARM", IF(ISNUMBER(SEARCH("Google",H66)),"Google", IF(ISNUMBER(SEARCH("MediaTek",H66)),"MediaTek", IF(ISNUMBER(SEARCH("Qualcomm",H66)),"Qualcomm", IF(ISNUMBER(SEARCH("Samsung",H66)),"Samsung", IF(ISNUMBER(SEARCH("Snapdragon",H66)),"Snapdragon",""))))))))) -> AMD | E66: =TRIM(SUBSTITUTE(SUBSTITUTE(SUBSTITUTE(SUBSTITUTE(SUBSTITUTE(SUBSTITUTE(SUBSTITUTE(SUBSTITUTE(SUBSTITUTE(H66, "Apple",""),"ARM",""),"Google",""),"MediaTek",""),"Qualcomm",""),"Samsung",""),"Snapdragon",""),"Intel",""),"AMD","")) -> A4-1350 | F66: =TRIM(SUBSTITUTE(SUBSTITUTE(SUBSTITUTE(SUBSTITUTE(SUBSTITUTE(SUBSTITUTE(SUBSTITUTE(SUBSTITUTE(SUBSTITUTE(E66, "Core2 Extreme",""),"Core2 Quad",""),"Core2 Duo",""),"Core",""), "Pentium Gold",""),"Pentium",""), "Xeon Platinum",""),"Xeon Gold",""),"Xeon Silver","")) -> A4-1350 | G66: =TRIM(SUBSTITUTE(F66,"Xeon","")) -> A4-1350 | H66: =IFERROR(LEFT(C66, SEARCH(" @", C66) - 1), C66) -> AMD A4-1350 | I66: AMD A4-1350 APU | J66: FT3 | K66: 1.0 GHz | M66: 4 | N66: 4 | O66: 8 W | P66: Q2 2024 | Q66: https://www.cpubenchmark.net/cpu.php?cpu=AMD A4-1350 APU&id=6007 | R66: =IF(COUNTIF(cpus!B:B, C66)>0, "found", "Missing") -> found | S66: =IF(COUNTIF(cpus!C:C, G66)>0, "found", "Missing") -> found
A67: =IF(COUNTIF(C67,"*Quad CPU]*"),"found","missing") -> missing | B67: =IF(COUNTIF(C67,"*[Dual CPU]*"),"found","missing") -> missing | C67: =SUBSTITUTE(SUBSTITUTE(SUBSTITUTE(SUBSTITUTE(SUBSTITUTE(I67," Dual Core","")," Quad Core","")," Quad-Core","")," Dual-Core","")," APU","") -> AMD A4-3300 | D67: =IF(ISNUMBER(SEARCH("AMD",H67)),"AMD", IF(ISNUMBER(SEARCH("Intel",H67)),"Intel", IF(ISNUMBER(SEARCH("Apple",H67)),"Apple", IF(ISNUMBER(SEARCH("ARM",H67)),"ARM", IF(ISNUMBER(SEARCH("Google",H67)),"Google", IF(ISNUMBER(SEARCH("MediaTek",H67)),"MediaTek", IF(ISNUMBER(SEARCH("Qualcomm",H67)),"Qualcomm", IF(ISNUMBER(SEARCH("Samsung",H67)),"Samsung", IF(ISNUMBER(SEARCH("Snapdragon",H67)),"Snapdragon",""))))))))) -> AMD | E67: =TRIM(SUBSTITUTE(SUBSTITUTE(SUBSTITUTE(SUBSTITUTE(SUBSTITUTE(SUBSTITUTE(SUBSTITUTE(SUBSTITUTE(SUBSTITUTE(H67, "Apple",""),"ARM",""),"Google",""),"MediaTek",""),"Qualcomm",""),"Samsung",""),"Snapdragon",""),"Intel",""),"AMD","")) -> A4-3300 | F67: =TRIM(SUBSTITUTE(SUBSTITUTE(SUBSTITUTE(SUBSTITUTE(SUBSTITUTE(SUBSTITUTE(SUBSTITUTE(SUBSTITUTE(SUBSTITUTE(E67, "Core2 Extreme",""),"Core2 Quad",""),"Core2 Duo",""),"Core",""), "Pentium Gold",""),"Pentium",""), "Xeon Platinum",""),"Xeon Gold",""),"Xeon Silver","")) -> A4-3300 | G67: =TRIM(SUBSTITUTE(F67,"Xeon","")) -> A4-3300 | H67: =IFERROR(LEFT(C67, SEARCH(" @", C67) - 1), C67) -> AMD A4-3300 | I67: AMD A4-3300 APU | J67: FM1 | K67: 2.5 GHz | M67: 2 | N67: 2 | O67: 65 W | P67: Q4 2011 | Q67: https://www.cpubenchmark.net/cpu.php?cpu=AMD A4-3300 APU&id=13 | R67: =IF(COUNTIF(cpus!B:B, C67)>0, "found", "Missing") -> found | S67: =IF(COUNTIF(cpus!C:C, G67)>0, "found", "Missing") -> found
A68: =IF(COUNTIF(C68,"*Quad CPU]*"),"found","missing") -> missing | B68: =IF(COUNTIF(C68,"*[Dual CPU]*"),"found","missing") -> missing | C68: =SUBSTITUTE(SUBSTITUTE(SUBSTITUTE(SUBSTITUTE(SUBSTITUTE(I68," Dual Core","")," Quad Core","")," Quad-Core","")," Dual-Core","")," APU","") -> AMD A4-3300M | D68: =IF(ISNUMBER(SEARCH("AMD",H68)),"AMD", IF(ISNUMBER(SEARCH("Intel",H68)),"Intel", IF(ISNUMBER(SEARCH("Apple",H68)),"Apple", IF(ISNUMBER(SEARCH("ARM",H68)),"ARM", IF(ISNUMBER(SEARCH("Google",H68)),"Google", IF(ISNUMBER(SEARCH("MediaTek",H68)),"MediaTek", IF(ISNUMBER(SEARCH("Qualcomm",H68)),"Qualcomm", IF(ISNUMBER(SEARCH("Samsung",H68)),"Samsung", IF(ISNUMBER(SEARCH("Snapdragon",H68)),"Snapdragon",""))))))))) -> AMD | E68: =TRIM(SUBSTITUTE(SUBSTITUTE(SUBSTITUTE(SUBSTITUTE(SUBSTITUTE(SUBSTITUTE(SUBSTITUTE(SUBSTITUTE(SUBSTITUTE(H68, "Apple",""),"ARM",""),"Google",""),"MediaTek",""),"Qualcomm",""),"Samsung",""),"Snapdragon",""),"Intel",""),"AMD","")) -> A4-3300M | F68: =TRIM(SUBSTITUTE(SUBSTITUTE(SUBSTITUTE(SUBSTITUTE(SUBSTITUTE(SUBSTITUTE(SUBSTITUTE(SUBSTITUTE(SUBSTITUTE(E68, "Core2 Extreme",""),"Core2 Quad",""),"Core2 Duo",""),"Core",""), "Pentium Gold",""),"Pentium",""), "Xeon Platinum",""),"Xeon Gold",""),"Xeon Silver","")) -> A4-3300M | G68: =TRIM(SUBSTITUTE(F68,"Xeon","")) -> A4-3300M | H68: =IFERROR(LEFT(C68, SEARCH(" @", C68) - 1), C68) -> AMD A4-3300M | I68: AMD A4-3300M APU | J68: FM1 | K68: 1.9 GHz | L68: 2.5 GHz | M68: 2 | N68: 2 | O68: 65 W | P68: Q3 2011 | Q68: https://www.cpubenchmark.net/cpu.php?cpu=AMD A4-3300M APU&id=14 | R68: =IF(COUNTIF(cpus!B:B, C68)>0, "found", "Missing") -> found | S68: =IF(COUNTIF(cpus!C:C, G68)>0, "found", "Missing") -> found
A69: =IF(COUNTIF(C69,"*Quad CPU]*"),"found","missing") -> missing | B69: =IF(COUNTIF(C69,"*[Dual CPU]*"),"found","missing") -> missing | C69: =SUBSTITUTE(SUBSTITUTE(SUBSTITUTE(SUBSTITUTE(SUBSTITUTE(I69," Dual Core","")," Quad Core","")," Quad-Core","")," Dual-Core","")," APU","") -> AMD A4-3305M | D69: =IF(ISNUMBER(SEARCH("AMD",H69)),"AMD", IF(ISNUMBER(SEARCH("Intel",H69)),"Intel", IF(ISNUMBER(SEARCH("Apple",H69)),"Apple", IF(ISNUMBER(SEARCH("ARM",H69)),"ARM", IF(ISNUMBER(SEARCH("Google",H69)),"Google", IF(ISNUMBER(SEARCH("MediaTek",H69)),"MediaTek", IF(ISNUMBER(SEARCH("Qualcomm",H69)),"Qualcomm", IF(ISNUMBER(SEARCH("Samsung",H69)),"Samsung", IF(ISNUMBER(SEARCH("Snapdragon",H69)),"Snapdragon",""))))))))) -> AMD | E69: =TRIM(SUBSTITUTE(SUBSTITUTE(SUBSTITUTE(SUBSTITUTE(SUBSTITUTE(SUBSTITUTE(SUBSTITUTE(SUBSTITUTE(SUBSTITUTE(H69, "Apple",""),"ARM",""),"Google",""),"MediaTek",""),"Qualcomm",""),"Samsung",""),"Snapdragon",""),"Intel",""),"AMD","")) -> A4-3305M | F69: =TRIM(SUBSTITUTE(SUBSTITUTE(SUBSTITUTE(SUBSTITUTE(SUBSTITUTE(SUBSTITUTE(SUBSTITUTE(SUBSTITUTE(SUBSTITUTE(E69, "Core2 Extreme",""),"Core2 Quad",""),"Core2 Duo",""),"Core",""), "Pentium Gold",""),"Pentium",""), "Xeon Platinum",""),"Xeon Gold",""),"Xeon Silver","")) -> A4-3305M | G69: =TRIM(SUBSTITUTE(F69,"Xeon","")) -> A4-3305M | H69: =IFERROR(LEFT(C69, SEARCH(" @", C69) - 1), C69) -> AMD A4-3305M | I69: AMD A4-3305M APU | J69: FS1 | K69: 1.9 GHz | L69: 2.5 GHz | M69: 2 | N69: 2 | O69: 35 W | P69: Q1 2012 | Q69: https://www.cpubenchmark.net/cpu.php?cpu=AMD A4-3305M APU&id=15 | R69: =IF(COUNTIF(cpus!B:B, C69)>0, "found", "Missing") -> found | S69: =IF(COUNTIF(cpus!C:C, G69)>0, "found", "Missing") -> found
A70: =IF(COUNTIF(C70,"*Quad CPU]*"),"found","missing") -> missing | B70: =IF(COUNTIF(C70,"*[Dual CPU]*"),"found","missing") -> missing | C70: =SUBSTITUTE(SUBSTITUTE(SUBSTITUTE(SUBSTITUTE(SUBSTITUTE(I70," Dual Core","")," Quad Core","")," Quad-Core","")," Dual-Core","")," APU","") -> AMD A4-3310MX | D70: =IF(ISNUMBER(SEARCH("AMD",H70)),"AMD", IF(ISNUMBER(SEARCH("Intel",H70)),"Intel", IF(ISNUMBER(SEARCH("Apple",H70)),"Apple", IF(ISNUMBER(SEARCH("ARM",H70)),"ARM", IF(ISNUMBER(SEARCH("Google",H70)),"Google", IF(ISNUMBER(SEARCH("MediaTek",H70)),"MediaTek", IF(ISNUMBER(SEARCH("Qualcomm",H70)),"Qualcomm", IF(ISNUMBER(SEARCH("Samsung",H70)),"Samsung", IF(ISNUMBER(SEARCH("Snapdragon",H70)),"Snapdragon",""))))))))) -> AMD | E70: =TRIM(SUBSTITUTE(SUBSTITUTE(SUBSTITUTE(SUBSTITUTE(SUBSTITUTE(SUBSTITUTE(SUBSTITUTE(SUBSTITUTE(SUBSTITUTE(H70, "Apple",""),"ARM",""),"Google",""),"MediaTek",""),"Qualcomm",""),"Samsung",""),"Snapdragon",""),"Intel",""),"AMD","")) -> A4-3310MX | F70: =TRIM(SUBSTITUTE(SUBSTITUTE(SUBSTITUTE(SUBSTITUTE(SUBSTITUTE(SUBSTITUTE(SUBSTITUTE(SUBSTITUTE(SUBSTITUTE(E70, "Core2 Extreme",""),"Core2 Quad",""),"Core2 Duo",""),"Core",""), "Pentium Gold",""),"Pentium",""), "Xeon Platinum",""),"Xeon Gold",""),"Xeon Silver","")) -> A4-3310MX | G70: =TRIM(SUBSTITUTE(F70,"Xeon","")) -> A4-3310MX | H70: =IFERROR(LEFT(C70, SEARCH(" @", C70) - 1), C70) -> AMD A4-3310MX | I70: AMD A4-3310MX APU | J70: FS1 | K70: 2.1 GHz | L70: 2.3 GHz | M70: 2 | N70: 2 | O70: 45 W | P70: Q4 2011 | Q70: https://www.cpubenchmark.net/cpu.php?cpu=AMD A4-3310MX APU&id=16 | R70: =IF(COUNTIF(cpus!B:B, C70)>0, "found", "Missing") -> found | S70: =IF(COUNTIF(cpus!C:C, G70)>0, "found", "Missing") -> found
A71: =IF(COUNTIF(C71,"*Quad CPU]*"),"found","missing") -> missing | B71: =IF(COUNTIF(C71,"*[Dual CPU]*"),"found","missing") -> missing | C71: =SUBSTITUTE(SUBSTITUTE(SUBSTITUTE(SUBSTITUTE(SUBSTITUTE(I71," Dual Core","")," Quad Core","")," Quad-Core","")," Dual-Core","")," APU","") -> AMD A4-3320M | D71: =IF(ISNUMBER(SEARCH("AMD",H71)),"AMD", IF(ISNUMBER(SEARCH("Intel",H71)),"Intel", IF(ISNUMBER(SEARCH("Apple",H71)),"Apple", IF(ISNUMBER(SEARCH("ARM",H71)),"ARM", IF(ISNUMBER(SEARCH("Google",H71)),"Google", IF(ISNUMBER(SEARCH("MediaTek",H71)),"MediaTek", IF(ISNUMBER(SEARCH("Qualcomm",H71)),"Qualcomm", IF(ISNUMBER(SEARCH("Samsung",H71)),"Samsung", IF(ISNUMBER(SEARCH("Snapdragon",H71)),"Snapdragon",""))))))))) -> AMD | E71: =TRIM(SUBSTITUTE(SUBSTITUTE(SUBSTITUTE(SUBSTITUTE(SUBSTITUTE(SUBSTITUTE(SUBSTITUTE(SUBSTITUTE(SUBSTITUTE(H71, "Apple",""),"ARM",""),"Google",""),"MediaTek",""),"Qualcomm",""),"Samsung",""),"Snapdragon",""),"Intel",""),"AMD","")) -> A4-3320M | F71: =TRIM(SUBSTITUTE(SUBSTITUTE(SUBSTITUTE(SUBSTITUTE(SUBSTITUTE(SUBSTITUTE(SUBSTITUTE(SUBSTITUTE(SUBSTITUTE(E71, "Core2 Extreme",""),"Core2 Quad",""),"Core2 Duo",""),"Core",""), "Pentium Gold",""),"Pentium",""), "Xeon Platinum",""),"Xeon Gold",""),"Xeon Silver","")) -> A4-3320M | G71: =TRIM(SUBSTITUTE(F71,"Xeon","")) -> A4-3320M | H71: =IFERROR(LEFT(C71, SEARCH(" @", C71) - 1), C71) -> AMD A4-3320M | I71: AMD A4-3320M APU | J71: FS1 | K71: 2.0 GHz | L71: 2.6 GHz | M71: 2 | N71: 2 | O71: 35 W | P71: Q1 2012 | Q71: https://www.cpubenchmark.net/cpu.php?cpu=AMD A4-3320M APU&id=17 | R71: =IF(COUNTIF(cpus!B:B, C71)>0, "found", "Missing") -> found | S71: =IF(COUNTIF(cpus!C:C, G71)>0, "found", "Missing") -> found
A72: =IF(COUNTIF(C72,"*Quad CPU]*"),"found","missing") -> missing | B72: =IF(COUNTIF(C72,"*[Dual CPU]*"),"found","missing") -> missing | C72: =SUBSTITUTE(SUBSTITUTE(SUBSTITUTE(SUBSTITUTE(SUBSTITUTE(I72," Dual Core","")," Quad Core","")," Quad-Core","")," Dual-Core","")," APU","") -> AMD A4-3330MX | D72: =IF(ISNUMBER(SEARCH("AMD",H72)),"AMD", IF(ISNUMBER(SEARCH("Intel",H72)),"Intel", IF(ISNUMBER(SEARCH("Apple",H72)),"Apple", IF(ISNUMBER(SEARCH("ARM",H72)),"ARM", IF(ISNUMBER(SEARCH("Google",H72)),"Google", IF(ISNUMBER(SEARCH("MediaTek",H72)),"MediaTek", IF(ISNUMBER(SEARCH("Qualcomm",H72)),"Qualcomm", IF(ISNUMBER(SEARCH("Samsung",H72)),"Samsung", IF(ISNUMBER(SEARCH("Snapdragon",H72)),"Snapdragon",""))))))))) -> AMD | E72: =TRIM(SUBSTITUTE(SUBSTITUTE(SUBSTITUTE(SUBSTITUTE(SUBSTITUTE(SUBSTITUTE(SUBSTITUTE(SUBSTITUTE(SUBSTITUTE(H72, "Apple",""),"ARM",""),"Google",""),"MediaTek",""),"Qualcomm",""),"Samsung",""),"Snapdragon",""),"Intel",""),"AMD","")) -> A4-3330MX | F72: =TRIM(SUBSTITUTE(SUBSTITUTE(SUBSTITUTE(SUBSTITUTE(SUBSTITUTE(SUBSTITUTE(SUBSTITUTE(SUBSTITUTE(SUBSTITUTE(E72, "Core2 Extreme",""),"Core2 Quad",""),"Core2 Duo",""),"Core",""), "Pentium Gold",""),"Pentium",""), "Xeon Platinum",""),"Xeon Gold",""),"Xeon Silver","")) -> A4-3330MX | G72: =TRIM(SUBSTITUTE(F72,"Xeon","")) -> A4-3330MX | H72: =IFERROR(LEFT(C72, SEARCH(" @", C72) - 1), C72) -> AMD A4-3330MX | I72: AMD A4-3330MX APU | J72: FS1 uPGA | K72: 2.2 GHz | L72: 2.6 GHz | M72: 2 | N72: 2 | O72: 45 W | P72: Q1 2013 | Q72: https://www.cpubenchmark.net/cpu.php?cpu=AMD A4-3330MX APU&id=1871 | R72: =IF(COUNTIF(cpus!B:B, C72)>0, "found", "Missing") -> found | S72: =IF(COUNTIF(cpus!C:C, G72)>0, "found", "Missing") -> found
A73: =IF(COUNTIF(C73,"*Quad CPU]*"),"found","missing") -> missing | B73: =IF(COUNTIF(C73,"*[Dual CPU]*"),"found","missing") -> missing | C73: =SUBSTITUTE(SUBSTITUTE(SUBSTITUTE(SUBSTITUTE(SUBSTITUTE(I73," Dual Core","")," Quad Core","")," Quad-Core","")," Dual-Core","")," APU","") -> AMD A4-3400 | D73: =IF(ISNUMBER(SEARCH("AMD",H73)),"AMD", IF(ISNUMBER(SEARCH("Intel",H73)),"Intel", IF(ISNUMBER(SEARCH("Apple",H73)),"Apple", IF(ISNUMBER(SEARCH("ARM",H73)),"ARM", IF(ISNUMBER(SEARCH("Google",H73)),"Google", IF(ISNUMBER(SEARCH("MediaTek",H73)),"MediaTek", IF(ISNUMBER(SEARCH("Qualcomm",H73)),"Qualcomm", IF(ISNUMBER(SEARCH("Samsung",H73)),"Samsung", IF(ISNUMBER(SEARCH("Snapdragon",H73)),"Snapdragon",""))))))))) -> AMD | E73: =TRIM(SUBSTITUTE(SUBSTITUTE(SUBSTITUTE(SUBSTITUTE(SUBSTITUTE(SUBSTITUTE(SUBSTITUTE(SUBSTITUTE(SUBSTITUTE(H73, "Apple",""),"ARM",""),"Google",""),"MediaTek",""),"Qualcomm",""),"Samsung",""),"Snapdragon",""),"Intel",""),"AMD","")) -> A4-3400 | F73: =TRIM(SUBSTITUTE(SUBSTITUTE(SUBSTITUTE(SUBSTITUTE(SUBSTITUTE(SUBSTITUTE(SUBSTITUTE(SUBSTITUTE(SUBSTITUTE(E73, "Core2 Extreme",""),"Core2 Quad",""),"Core2 Duo",""),"Core",""), "Pentium Gold",""),"Pentium",""), "Xeon Platinum",""),"Xeon Gold",""),"Xeon Silver","")) -> A4-3400 | G73: =TRIM(SUBSTITUTE(F73,"Xeon","")) -> A4-3400 | H73: =IFERROR(LEFT(C73, SEARCH(" @", C73) - 1), C73) -> AMD A4-3400 | I73: AMD A4-3400 APU | J73: FM1 | K73: 2.7 GHz | M73: 2 | N73: 2 | O73: 65 W | P73: Q3 2011 | Q73: https://www.cpubenchmark.net/cpu.php?cpu=AMD A4-3400 APU&id=18 | R73: =IF(COUNTIF(cpus!B:B, C73)>0, "found", "Missing") -> found | S73: =IF(COUNTIF(cpus!C:C, G73)>0, "found", "Missing") -> found
A74: =IF(COUNTIF(C74,"*Quad CPU]*"),"found","missing") -> missing | B74: =IF(COUNTIF(C74,"*[Dual CPU]*"),"found","missing") -> missing | C74: =SUBSTITUTE(SUBSTITUTE(SUBSTITUTE(SUBSTITUTE(SUBSTITUTE(I74," Dual Core","")," Quad Core","")," Quad-Core","")," Dual-Core","")," APU","") -> AMD A4-3420 | D74: =IF(ISNUMBER(SEARCH("AMD",H74)),"AMD", IF(ISNUMBER(SEARCH("Intel",H74)),"Intel", IF(ISNUMBER(SEARCH("Apple",H74)),"Apple", IF(ISNUMBER(SEARCH("ARM",H74)),"ARM", IF(ISNUMBER(SEARCH("Google",H74)),"Google", IF(ISNUMBER(SEARCH("MediaTek",H74)),"MediaTek", IF(ISNUMBER(SEARCH("Qualcomm",H74)),"Qualcomm", IF(ISNUMBER(SEARCH("Samsung",H74)),"Samsung", IF(ISNUMBER(SEARCH("Snapdragon",H74)),"Snapdragon",""))))))))) -> AMD | E74: =TRIM(SUBSTITUTE(SUBSTITUTE(SUBSTITUTE(SUBSTITUTE(SUBSTITUTE(SUBSTITUTE(SUBSTITUTE(SUBSTITUTE(SUBSTITUTE(H74, "Apple",""),"ARM",""),"Google",""),"MediaTek",""),"Qualcomm",""),"Samsung",""),"Snapdragon",""),"Intel",""),"AMD","")) -> A4-3420 | F74: =TRIM(SUBSTITUTE(SUBSTITUTE(SUBSTITUTE(SUBSTITUTE(SUBSTITUTE(SUBSTITUTE(SUBSTITUTE(SUBSTITUTE(SUBSTITUTE(E74, "Core2 Extreme",""),"Core2 Quad",""),"Core2 Duo",""),"Core",""), "Pentium Gold",""),"Pentium",""), "Xeon Platinum",""),"Xeon Gold",""),"Xeon Silver","")) -> A4-3420 | G74: =TRIM(SUBSTITUTE(F74,"Xeon","")) -> A4-3420 | H74: =IFERROR(LEFT(C74, SEARCH(" @", C74) - 1), C74) -> AMD A4-3420 | I74: AMD A4-3420 APU | J74: FM1 | K74: 2.8 GHz | M74: 2 | N74: 2 | O74: 65 W | P74: Q1 2012 | Q74: https://www.cpubenchmark.net/cpu.php?cpu=AMD A4-3420 APU&id=19 | R74: =IF(COUNTIF(cpus!B:B, C74)>0, "found", "Missing") -> found | S74: =IF(COUNTIF(cpus!C:C, G74)>0, "found", "Missing") -> found
A75: =IF(COUNTIF(C75,"*Quad CPU]*"),"found","missing") -> missing | B75: =IF(COUNTIF(C75,"*[Dual CPU]*"),"found","missing") -> missing | C75: =SUBSTITUTE(SUBSTITUTE(SUBSTITUTE(SUBSTITUTE(SUBSTITUTE(I75," Dual Core","")," Quad Core","")," Quad-Core","")," Dual-Core","")," APU","") -> AMD A4-4000 | D75: =IF(ISNUMBER(SEARCH("AMD",H75)),"AMD", IF(ISNUMBER(SEARCH("Intel",H75)),"Intel", IF(ISNUMBER(SEARCH("Apple",H75)),"Apple", IF(ISNUMBER(SEARCH("ARM",H75)),"ARM", IF(ISNUMBER(SEARCH("Google",H75)),"Google", IF(ISNUMBER(SEARCH("MediaTek",H75)),"MediaTek", IF(ISNUMBER(SEARCH("Qualcomm",H75)),"Qualcomm", IF(ISNUMBER(SEARCH("Samsung",H75)),"Samsung", IF(ISNUMBER(SEARCH("Snapdragon",H75)),"Snapdragon",""))))))))) -> AMD | E75: =TRIM(SUBSTITUTE(SUBSTITUTE(SUBSTITUTE(SUBSTITUTE(SUBSTITUTE(SUBSTITUTE(SUBSTITUTE(SUBSTITUTE(SUBSTITUTE(H75, "Apple",""),"ARM",""),"Google",""),"MediaTek",""),"Qualcomm",""),"Samsung",""),"Snapdragon",""),"Intel",""),"AMD","")) -> A4-4000 | F75: =TRIM(SUBSTITUTE(SUBSTITUTE(SUBSTITUTE(SUBSTITUTE(SUBSTITUTE(SUBSTITUTE(SUBSTITUTE(SUBSTITUTE(SUBSTITUTE(E75, "Core2 Extreme",""),"Core2 Quad",""),"Core2 Duo",""),"Core",""), "Pentium Gold",""),"Pentium",""), "Xeon Platinum",""),"Xeon Gold",""),"Xeon Silver","")) -> A4-4000 | G75: =TRIM(SUBSTITUTE(F75,"Xeon","")) -> A4-4000 | H75: =IFERROR(LEFT(C75, SEARCH(" @", C75) - 1), C75) -> AMD A4-4000 | I75: AMD A4-4000 APU | J75: FM2 | K75: 3.0 GHz | L75: 3.2 GHz | M75: 2 | O75: 65 W | P75: Q2 2013 | Q75: https://www.cpubenchmark.net/cpu.php?cpu=AMD A4-4000 APU&id=1913 | R75: =IF(COUNTIF(cpus!B:B, C75)>0, "found", "Missing") -> found | S75: =IF(COUNTIF(cpus!C:C, G75)>0, "found", "Missing") -> found
A76: =IF(COUNTIF(C76,"*Quad CPU]*"),"found","missing") -> missing | B76: =IF(COUNTIF(C76,"*[Dual CPU]*"),"found","missing") -> missing | C76: =SUBSTITUTE(SUBSTITUTE(SUBSTITUTE(SUBSTITUTE(SUBSTITUTE(I76," Dual Core","")," Quad Core","")," Quad-Core","")," Dual-Core","")," APU","") -> AMD A4-4020 | D76: =IF(ISNUMBER(SEARCH("AMD",H76)),"AMD", IF(ISNUMBER(SEARCH("Intel",H76)),"Intel", IF(ISNUMBER(SEARCH("Apple",H76)),"Apple", IF(ISNUMBER(SEARCH("ARM",H76)),"ARM", IF(ISNUMBER(SEARCH("Google",H76)),"Google", IF(ISNUMBER(SEARCH("MediaTek",H76)),"MediaTek", IF(ISNUMBER(SEARCH("Qualcomm",H76)),"Qualcomm", IF(ISNUMBER(SEARCH("Samsung",H76)),"Samsung", IF(ISNUMBER(SEARCH("Snapdragon",H76)),"Snapdragon",""))))))))) -> AMD | E76: =TRIM(SUBSTITUTE(SUBSTITUTE(SUBSTITUTE(SUBSTITUTE(SUBSTITUTE(SUBSTITUTE(SUBSTITUTE(SUBSTITUTE(SUBSTITUTE(H76, "Apple",""),"ARM",""),"Google",""),"MediaTek",""),"Qualcomm",""),"Samsung",""),"Snapdragon",""),"Intel",""),"AMD","")) -> A4-4020 | F76: =TRIM(SUBSTITUTE(SUBSTITUTE(SUBSTITUTE(SUBSTITUTE(SUBSTITUTE(SUBSTITUTE(SUBSTITUTE(SUBSTITUTE(SUBSTITUTE(E76, "Core2 Extreme",""),"Core2 Quad",""),"Core2 Duo",""),"Core",""), "Pentium Gold",""),"Pentium",""), "Xeon Platinum",""),"Xeon Gold",""),"Xeon Silver","")) -> A4-4020 | G76: =TRIM(SUBSTITUTE(F76,"Xeon","")) -> A4-4020 | H76: =IFERROR(LEFT(C76, SEARCH(" @", C76) - 1), C76) -> AMD A4-4020 | I76: AMD A4-4020 APU | J76: FM2 | K76: 3.2 GHz | L76: 3.4 GHz | M76: 2 | O76: 65 W | P76: Q3 2014 | Q76: https://www.cpubenchmark.net/cpu.php?cpu=AMD A4-4020 APU&id=2305 | R76: =IF(COUNTIF(cpus!B:B, C76)>0, "found", "Missing") -> found | S76: =IF(COUNTIF(cpus!C:C, G76)>0, "found", "Missing") -> found
A77: =IF(COUNTIF(C77,"*Quad CPU]*"),"found","missing") -> missing | B77: =IF(COUNTIF(C77,"*[Dual CPU]*"),"found","missing") -> missing | C77: =SUBSTITUTE(SUBSTITUTE(SUBSTITUTE(SUBSTITUTE(SUBSTITUTE(I77," Dual Core","")," Quad Core","")," Quad-Core","")," Dual-Core","")," APU","") -> AMD A4-4300M | D77: =IF(ISNUMBER(SEARCH("AMD",H77)),"AMD", IF(ISNUMBER(SEARCH("Intel",H77)),"Intel", IF(ISNUMBER(SEARCH("Apple",H77)),"Apple", IF(ISNUMBER(SEARCH("ARM",H77)),"ARM", IF(ISNUMBER(SEARCH("Google",H77)),"Google", IF(ISNUMBER(SEARCH("MediaTek",H77)),"MediaTek", IF(ISNUMBER(SEARCH("Qualcomm",H77)),"Qualcomm", IF(ISNUMBER(SEARCH("Samsung",H77)),"Samsung", IF(ISNUMBER(SEARCH("Snapdragon",H77)),"Snapdragon",""))))))))) -> AMD | E77: =TRIM(SUBSTITUTE(SUBSTITUTE(SUBSTITUTE(SUBSTITUTE(SUBSTITUTE(SUBSTITUTE(SUBSTITUTE(SUBSTITUTE(SUBSTITUTE(H77, "Apple",""),"ARM",""),"Google",""),"MediaTek",""),"Qualcomm",""),"Samsung",""),"Snapdragon",""),"Intel",""),"AMD","")) -> A4-4300M | F77: =TRIM(SUBSTITUTE(SUBSTITUTE(SUBSTITUTE(SUBSTITUTE(SUBSTITUTE(SUBSTITUTE(SUBSTITUTE(SUBSTITUTE(SUBSTITUTE(E77, "Core2 Extreme",""),"Core2 Quad",""),"Core2 Duo",""),"Core",""), "Pentium Gold",""),"Pentium",""), "Xeon Platinum",""),"Xeon Gold",""),"Xeon Silver","")) -> A4-4300M | G77: =TRIM(SUBSTITUTE(F77,"Xeon","")) -> A4-4300M | H77: =IFERROR(LEFT(C77, SEARCH(" @", C77) - 1), C77) -> AMD A4-4300M | I77: AMD A4-4300M APU | J77: FS1 | K77: 2.5 GHz | L77: 3.0 GHz | M77: 2 | O77: 35 W | P77: Q2 2012 | Q77: https://www.cpubenchmark.net/cpu.php?cpu=AMD A4-4300M APU&id=1813 | R77: =IF(COUNTIF(cpus!B:B, C77)>0, "found", "Missing") -> found | S77: =IF(COUNTIF(cpus!C:C, G77)>0, "found", "Missing") -> found
A78: =IF(COUNTIF(C78,"*Quad CPU]*"),"found","missing") -> missing | B78: =IF(COUNTIF(C78,"*[Dual CPU]*"),"found","missing") -> missing | C78: =SUBSTITUTE(SUBSTITUTE(SUBSTITUTE(SUBSTITUTE(SUBSTITUTE(I78," Dual Core","")," Quad Core","")," Quad-Core","")," Dual-Core","")," APU","") -> AMD A4-4355M | D78: =IF(ISNUMBER(SEARCH("AMD",H78)),"AMD", IF(ISNUMBER(SEARCH("Intel",H78)),"Intel", IF(ISNUMBER(SEARCH("Apple",H78)),"Apple", IF(ISNUMBER(SEARCH("ARM",H78)),"ARM", IF(ISNUMBER(SEARCH("Google",H78)),"Google", IF(ISNUMBER(SEARCH("MediaTek",H78)),"MediaTek", IF(ISNUMBER(SEARCH("Qualcomm",H78)),"Qualcomm", IF(ISNUMBER(SEARCH("Samsung",H78)),"Samsung", IF(ISNUMBER(SEARCH("Snapdragon",H78)),"Snapdragon",""))))))))) -> AMD | E78: =TRIM(SUBSTITUTE(SUBSTITUTE(SUBSTITUTE(SUBSTITUTE(SUBSTITUTE(SUBSTITUTE(SUBSTITUTE(SUBSTITUTE(SUBSTITUTE(H78, "Apple",""),"ARM",""),"Google",""),"MediaTek",""),"Qualcomm",""),"Samsung",""),"Snapdragon",""),"Intel",""),"AMD","")) -> A4-4355M | F78: =TRIM(SUBSTITUTE(SUBSTITUTE(SUBSTITUTE(SUBSTITUTE(SUBSTITUTE(SUBSTITUTE(SUBSTITUTE(SUBSTITUTE(SUBSTITUTE(E78, "Core2 Extreme",""),"Core2 Quad",""),"Core2 Duo",""),"Core",""), "Pentium Gold",""),"Pentium",""), "Xeon Platinum",""),"Xeon Gold",""),"Xeon Silver","")) -> A4-4355M | G78: =TRIM(SUBSTITUTE(F78,"Xeon","")) -> A4-4355M | H78: =IFERROR(LEFT(C78, SEARCH(" @", C78) - 1), C78) -> AMD A4-4355M | I78: AMD A4-4355M APU | J78: FP2 | K78: 1.9 GHz | L78: 2.4 GHz | M78: 2 | O78: 17 W | P78: Q4 2012 | Q78: https://www.cpubenchmark.net/cpu.php?cpu=AMD A4-4355M APU&id=1820 | R78: =IF(COUNTIF(cpus!B:B, C78)>0, "found", "Missing") -> found | S78: =IF(COUNTIF(cpus!C:C, G78)>0, "found", "Missing") -> found
A79: =IF(COUNTIF(C79,"*Quad CPU]*"),"found","missing") -> missing | B79: =IF(COUNTIF(C79,"*[Dual CPU]*"),"found","missing") -> missing | C79: =SUBSTITUTE(SUBSTITUTE(SUBSTITUTE(SUBSTITUTE(SUBSTITUTE(I79," Dual Core","")," Quad Core","")," Quad-Core","")," Dual-Core","")," APU","") -> AMD A4-5000 | D79: =IF(ISNUMBER(SEARCH("AMD",H79)),"AMD", IF(ISNUMBER(SEARCH("Intel",H79)),"Intel", IF(ISNUMBER(SEARCH("Apple",H79)),"Apple", IF(ISNUMBER(SEARCH("ARM",H79)),"ARM", IF(ISNUMBER(SEARCH("Google",H79)),"Google", IF(ISNUMBER(SEARCH("MediaTek",H79)),"MediaTek", IF(ISNUMBER(SEARCH("Qualcomm",H79)),"Qualcomm", IF(ISNUMBER(SEARCH("Samsung",H79)),"Samsung", IF(ISNUMBER(SEARCH("Snapdragon",H79)),"Snapdragon",""))))))))) -> AMD | E79: =TRIM(SUBSTITUTE(SUBSTITUTE(SUBSTITUTE(SUBSTITUTE(SUBSTITUTE(SUBSTITUTE(SUBSTITUTE(SUBSTITUTE(SUBSTITUTE(H79, "Apple",""),"ARM",""),"Google",""),"MediaTek",""),"Qualcomm",""),"Samsung",""),"Snapdragon",""),"Intel",""),"AMD","")) -> A4-5000 | F79: =TRIM(SUBSTITUTE(SUBSTITUTE(SUBSTITUTE(SUBSTITUTE(SUBSTITUTE(SUBSTITUTE(SUBSTITUTE(SUBSTITUTE(SUBSTITUTE(E79, "Core2 Extreme",""),"Core2 Quad",""),"Core2 Duo",""),"Core",""), "Pentium Gold",""),"Pentium",""), "Xeon Platinum",""),"Xeon Gold",""),"Xeon Silver","")) -> A4-5000 | G79: =TRIM(SUBSTITUTE(F79,"Xeon","")) -> A4-5000 | H79: =IFERROR(LEFT(C79, SEARCH(" @", C79) - 1), C79) -> AMD A4-5000 | I79: AMD A4-5000 APU | J79: FT3 | K79: 1.5 GHz | M79: 4 | N79: 4 | O79: 15 W | P79: Q3 2013 | Q79: https://www.cpubenchmark.net/cpu.php?cpu=AMD A4-5000 APU&id=2005 | R79: =IF(COUNTIF(cpus!B:B, C79)>0, "found", "Missing") -> found | S79: =IF(COUNTIF(cpus!C:C, G79)>0, "found", "Missing") -> found
A80: =IF(COUNTIF(C80,"*Quad CPU]*"),"found","missing") -> missing | B80: =IF(COUNTIF(C80,"*[Dual CPU]*"),"found","missing") -> missing | C80: =SUBSTITUTE(SUBSTITUTE(SUBSTITUTE(SUBSTITUTE(SUBSTITUTE(I80," Dual Core","")," Quad Core","")," Quad-Core","")," Dual-Core","")," APU","") -> AMD A4-5050 | D80: =IF(ISNUMBER(SEARCH("AMD",H80)),"AMD", IF(ISNUMBER(SEARCH("Intel",H80)),"Intel", IF(ISNUMBER(SEARCH("Apple",H80)),"Apple", IF(ISNUMBER(SEARCH("ARM",H80)),"ARM", IF(ISNUMBER(SEARCH("Google",H80)),"Google", IF(ISNUMBER(SEARCH("MediaTek",H80)),"MediaTek", IF(ISNUMBER(SEARCH("Qualcomm",H80)),"Qualcomm", IF(ISNUMBER(SEARCH("Samsung",H80)),"Samsung", IF(ISNUMBER(SEARCH("Snapdragon",H80)),"Snapdragon",""))))))))) -> AMD | E80: =TRIM(SUBSTITUTE(SUBSTITUTE(SUBSTITUTE(SUBSTITUTE(SUBSTITUTE(SUBSTITUTE(SUBSTITUTE(SUBSTITUTE(SUBSTITUTE(H80, "Apple",""),"ARM",""),"Google",""),"MediaTek",""),"Qualcomm",""),"Samsung",""),"Snapdragon",""),"Intel",""),"AMD","")) -> A4-5050 | F80: =TRIM(SUBSTITUTE(SUBSTITUTE(SUBSTITUTE(SUBSTITUTE(SUBSTITUTE(SUBSTITUTE(SUBSTITUTE(SUBSTITUTE(SUBSTITUTE(E80, "Core2 Extreme",""),"Core2 Quad",""),"Core2 Duo",""),"Core",""), "Pentium Gold",""),"Pentium",""), "Xeon Platinum",""),"Xeon Gold",""),"Xeon Silver","")) -> A4-5050 | G80: =TRIM(SUBSTITUTE(F80,"Xeon","")) -> A4-5050 | H80: =IFERROR(LEFT(C80, SEARCH(" @", C80) - 1), C80) -> AMD A4-5050 | I80: AMD A4-5050 APU | J80: FT3 | K80: 1.6 GHz | M80: 4 | N80: 4 | O80: 13.5 W | P80: Q2 2017 | Q80: https://www.cpubenchmark.net/cpu.php?cpu=AMD A4-5050 APU&id=3009 | R80: =IF(COUNTIF(cpus!B:B, C80)>0, "found", "Missing") -> found | S80: =IF(COUNTIF(cpus!C:C, G80)>0, "found", "Missing") -> found
A81: =IF(COUNTIF(C81,"*Quad CPU]*"),"found","missing") -> missing | B81: =IF(COUNTIF(C81,"*[Dual CPU]*"),"found","missing") -> missing | C81: =SUBSTITUTE(SUBSTITUTE(SUBSTITUTE(SUBSTITUTE(SUBSTITUTE(I81," Dual Core","")," Quad Core","")," Quad-Core","")," Dual-Core","")," APU","") -> AMD A4-5100 | D81: =IF(ISNUMBER(SEARCH("AMD",H81)),"AMD", IF(ISNUMBER(SEARCH("Intel",H81)),"Intel", IF(ISNUMBER(SEARCH("Apple",H81)),"Apple", IF(ISNUMBER(SEARCH("ARM",H81)),"ARM", IF(ISNUMBER(SEARCH("Google",H81)),"Google", IF(ISNUMBER(SEARCH("MediaTek",H81)),"MediaTek", IF(ISNUMBER(SEARCH("Qualcomm",H81)),"Qualcomm", IF(ISNUMBER(SEARCH("Samsung",H81)),"Samsung", IF(ISNUMBER(SEARCH("Snapdragon",H81)),"Snapdragon",""))))))))) -> AMD | E81: =TRIM(SUBSTITUTE(SUBSTITUTE(SUBSTITUTE(SUBSTITUTE(SUBSTITUTE(SUBSTITUTE(SUBSTITUTE(SUBSTITUTE(SUBSTITUTE(H81, "Apple",""),"ARM",""),"Google",""),"MediaTek",""),"Qualcomm",""),"Samsung",""),"Snapdragon",""),"Intel",""),"AMD","")) -> A4-5100 | F81: =TRIM(SUBSTITUTE(SUBSTITUTE(SUBSTITUTE(SUBSTITUTE(SUBSTITUTE(SUBSTITUTE(SUBSTITUTE(SUBSTITUTE(SUBSTITUTE(E81, "Core2 Extreme",""),"Core2 Quad",""),"Core2 Duo",""),"Core",""), "Pentium Gold",""),"Pentium",""), "Xeon Platinum",""),"Xeon Gold",""),"Xeon Silver","")) -> A4-5100 | G81: =TRIM(SUBSTITUTE(F81,"Xeon","")) -> A4-5100 | H81: =IFERROR(LEFT(C81, SEARCH(" @", C81) - 1), C81) -> AMD A4-5100 | I81: AMD A4-5100 APU | J81: FT3 | K81: 1.6 GHz | M81: 4 | N81: 4 | O81: 15 W | P81: Q3 2015 | Q81: https://www.cpubenchmark.net/cpu.php?cpu=AMD A4-5100 APU&id=2547 | R81: =IF(COUNTIF(cpus!B:B, C81)>0, "found", "Missing") -> found | S81: =IF(COUNTIF(cpus!C:C, G81)>0, "found", "Missing") -> found
A82: =IF(COUNTIF(C82,"*Quad CPU]*"),"found","missing") -> missing | B82: =IF(COUNTIF(C82,"*[Dual CPU]*"),"found","missing") -> missing | C82: =SUBSTITUTE(SUBSTITUTE(SUBSTITUTE(SUBSTITUTE(SUBSTITUTE(I82," Dual Core","")," Quad Core","")," Quad-Core","")," Dual-Core","")," APU","") -> AMD A4-5150M | D82: =IF(ISNUMBER(SEARCH("AMD",H82)),"AMD", IF(ISNUMBER(SEARCH("Intel",H82)),"Intel", IF(ISNUMBER(SEARCH("Apple",H82)),"Apple", IF(ISNUMBER(SEARCH("ARM",H82)),"ARM", IF(ISNUMBER(SEARCH("Google",H82)),"Google", IF(ISNUMBER(SEARCH("MediaTek",H82)),"MediaTek", IF(ISNUMBER(SEARCH("Qualcomm",H82)),"Qualcomm", IF(ISNUMBER(SEARCH("Samsung",H82)),"Samsung", IF(ISNUMBER(SEARCH("Snapdragon",H82)),"Snapdragon",""))))))))) -> AMD | E82: =TRIM(SUBSTITUTE(SUBSTITUTE(SUBSTITUTE(SUBSTITUTE(SUBSTITUTE(SUBSTITUTE(SUBSTITUTE(SUBSTITUTE(SUBSTITUTE(H82, "Apple",""),"ARM",""),"Google",""),"MediaTek",""),"Qualcomm",""),"Samsung",""),"Snapdragon",""),"Intel",""),"AMD","")) -> A4-5150M | F82: =TRIM(SUBSTITUTE(SUBSTITUTE(SUBSTITUTE(SUBSTITUTE(SUBSTITUTE(SUBSTITUTE(SUBSTITUTE(SUBSTITUTE(SUBSTITUTE(E82, "Core2 Extreme",""),"Core2 Quad",""),"Core2 Duo",""),"Core",""), "Pentium Gold",""),"Pentium",""), "Xeon Platinum",""),"Xeon Gold",""),"Xeon Silver","")) -> A4-5150M | G82: =TRIM(SUBSTITUTE(F82,"Xeon","")) -> A4-5150M | H82: =IFERROR(LEFT(C82, SEARCH(" @", C82) - 1), C82) -> AMD A4-5150M | I82: AMD A4-5150M APU | J82: FS1r2 | K82: 2.7 GHz | L82: 3.3 GHz | M82: 2 | O82: 35 W | P82: Q3 2013 | Q82: https://www.cpubenchmark.net/cpu.php?cpu=AMD A4-5150M APU&id=1974 | R82: =IF(COUNTIF(cpus!B:B, C82)>0, "found", "Missing") -> found | S82: =IF(COUNTIF(cpus!C:C, G82)>0, "found", "Missing") -> found
A83: =IF(COUNTIF(C83,"*Quad CPU]*"),"found","missing") -> missing | B83: =IF(COUNTIF(C83,"*[Dual CPU]*"),"found","missing") -> missing | C83: =SUBSTITUTE(SUBSTITUTE(SUBSTITUTE(SUBSTITUTE(SUBSTITUTE(I83," Dual Core","")," Quad Core","")," Quad-Core","")," Dual-Core","")," APU","") -> AMD A4-5300 | D83: =IF(ISNUMBER(SEARCH("AMD",H83)),"AMD", IF(ISNUMBER(SEARCH("Intel",H83)),"Intel", IF(ISNUMBER(SEARCH("Apple",H83)),"Apple", IF(ISNUMBER(SEARCH("ARM",H83)),"ARM", IF(ISNUMBER(SEARCH("Google",H83)),"Google", IF(ISNUMBER(SEARCH("MediaTek",H83)),"MediaTek", IF(ISNUMBER(SEARCH("Qualcomm",H83)),"Qualcomm", IF(ISNUMBER(SEARCH("Samsung",H83)),"Samsung", IF(ISNUMBER(SEARCH("Snapdragon",H83)),"Snapdragon",""))))))))) -> AMD | E83: =TRIM(SUBSTITUTE(SUBSTITUTE(SUBSTITUTE(SUBSTITUTE(SUBSTITUTE(SUBSTITUTE(SUBSTITUTE(SUBSTITUTE(SUBSTITUTE(H83, "Apple",""),"ARM",""),"Google",""),"MediaTek",""),"Qualcomm",""),"Samsung",""),"Snapdragon",""),"Intel",""),"AMD","")) -> A4-5300 | F83: =TRIM(SUBSTITUTE(SUBSTITUTE(SUBSTITUTE(SUBSTITUTE(SUBSTITUTE(SUBSTITUTE(SUBSTITUTE(SUBSTITUTE(SUBSTITUTE(E83, "Core2 Extreme",""),"Core2 Quad",""),"Core2 Duo",""),"Core",""), "Pentium Gold",""),"Pentium",""), "Xeon Platinum",""),"Xeon Gold",""),"Xeon Silver","")) -> A4-5300 | G83: =TRIM(SUBSTITUTE(F83,"Xeon","")) -> A4-5300 | H83: =IFERROR(LEFT(C83, SEARCH(" @", C83) - 1), C83) -> AMD A4-5300 | I83: AMD A4-5300 APU | J83: FM2 | K83: 3.4 GHz | L83: 3.7 GHz | M83: 2 | O83: 65 W | P83: Q4 2012 | Q83: https://www.cpubenchmark.net/cpu.php?cpu=AMD A4-5300 APU&id=1447 | R83: =IF(COUNTIF(cpus!B:B, C83)>0, "found", "Missing") -> found | S83: =IF(COUNTIF(cpus!C:C, G83)>0, "found", "Missing") -> found
A84: =IF(COUNTIF(C84,"*Quad CPU]*"),"found","missing") -> missing | B84: =IF(COUNTIF(C84,"*[Dual CPU]*"),"found","missing") -> missing | C84: =SUBSTITUTE(SUBSTITUTE(SUBSTITUTE(SUBSTITUTE(SUBSTITUTE(I84," Dual Core","")," Quad Core","")," Quad-Core","")," Dual-Core","")," APU","") -> AMD A4-5300B | D84: =IF(ISNUMBER(SEARCH("AMD",H84)),"AMD", IF(ISNUMBER(SEARCH("Intel",H84)),"Intel", IF(ISNUMBER(SEARCH("Apple",H84)),"Apple", IF(ISNUMBER(SEARCH("ARM",H84)),"ARM", IF(ISNUMBER(SEARCH("Google",H84)),"Google", IF(ISNUMBER(SEARCH("MediaTek",H84)),"MediaTek", IF(ISNUMBER(SEARCH("Qualcomm",H84)),"Qualcomm", IF(ISNUMBER(SEARCH("Samsung",H84)),"Samsung", IF(ISNUMBER(SEARCH("Snapdragon",H84)),"Snapdragon",""))))))))) -> AMD | E84: =TRIM(SUBSTITUTE(SUBSTITUTE(SUBSTITUTE(SUBSTITUTE(SUBSTITUTE(SUBSTITUTE(SUBSTITUTE(SUBSTITUTE(SUBSTITUTE(H84, "Apple",""),"ARM",""),"Google",""),"MediaTek",""),"Qualcomm",""),"Samsung",""),"Snapdragon",""),"Intel",""),"AMD","")) -> A4-5300B | F84: =TRIM(SUBSTITUTE(SUBSTITUTE(SUBSTITUTE(SUBSTITUTE(SUBSTITUTE(SUBSTITUTE(SUBSTITUTE(SUBSTITUTE(SUBSTITUTE(E84, "Core2 Extreme",""),"Core2 Quad",""),"Core2 Duo",""),"Core",""), "Pentium Gold",""),"Pentium",""), "Xeon Platinum",""),"Xeon Gold",""),"Xeon Silver","")) -> A4-5300B | G84: =TRIM(SUBSTITUTE(F84,"Xeon","")) -> A4-5300B | H84: =IFERROR(LEFT(C84, SEARCH(" @", C84) - 1), C84) -> AMD A4-5300B | I84: AMD A4-5300B APU | J84: FM2 | K84: 3.4 GHz | L84: 3.7 GHz | M84: 2 | O84: 65 W | P84: Q4 2012 | Q84: https://www.cpubenchmark.net/cpu.php?cpu=AMD A4-5300B APU&id=1810 | R84: =IF(COUNTIF(cpus!B:B, C84)>0, "found", "Missing") -> found | S84: =IF(COUNTIF(cpus!C:C, G84)>0, "found", "Missing") -> found
A85: =IF(COUNTIF(C85,"*Quad CPU]*"),"found","missing") -> missing | B85: =IF(COUNTIF(C85,"*[Dual CPU]*"),"found","missing") -> missing | C85: =SUBSTITUTE(SUBSTITUTE(SUBSTITUTE(SUBSTITUTE(SUBSTITUTE(I85," Dual Core","")," Quad Core","")," Quad-Core","")," Dual-Core","")," APU","") -> AMD A4-6210 | D85: =IF(ISNUMBER(SEARCH("AMD",H85)),"AMD", IF(ISNUMBER(SEARCH("Intel",H85)),"Intel", IF(ISNUMBER(SEARCH("Apple",H85)),"Apple", IF(ISNUMBER(SEARCH("ARM",H85)),"ARM", IF(ISNUMBER(SEARCH("Google",H85)),"Google", IF(ISNUMBER(SEARCH("MediaTek",H85)),"MediaTek", IF(ISNUMBER(SEARCH("Qualcomm",H85)),"Qualcomm", IF(ISNUMBER(SEARCH("Samsung",H85)),"Samsung", IF(ISNUMBER(SEARCH("Snapdragon",H85)),"Snapdragon",""))))))))) -> AMD | E85: =TRIM(SUBSTITUTE(SUBSTITUTE(SUBSTITUTE(SUBSTITUTE(SUBSTITUTE(SUBSTITUTE(SUBSTITUTE(SUBSTITUTE(SUBSTITUTE(H85, "Apple",""),"ARM",""),"Google",""),"MediaTek",""),"Qualcomm",""),"Samsung",""),"Snapdragon",""),"Intel",""),"AMD","")) -> A4-6210 | F85: =TRIM(SUBSTITUTE(SUBSTITUTE(SUBSTITUTE(SUBSTITUTE(SUBSTITUTE(SUBSTITUTE(SUBSTITUTE(SUBSTITUTE(SUBSTITUTE(E85, "Core2 Extreme",""),"Core2 Quad",""),"Core2 Duo",""),"Core",""), "Pentium Gold",""),"Pentium",""), "Xeon Platinum",""),"Xeon Gold",""),"Xeon Silver","")) -> A4-6210 | G85: =TRIM(SUBSTITUTE(F85,"Xeon","")) -> A4-6210 | H85: =IFERROR(LEFT(C85, SEARCH(" @", C85) - 1), C85) -> AMD A4-6210 | I85: AMD A4-6210 APU | J85: FT3b | K85: 1.8 GHz | M85: 4 | N85: 4 | O85: 15 W | P85: Q3 2014 | Q85: https://www.cpubenchmark.net/cpu.php?cpu=AMD A4-6210 APU&id=2307 | R85: =IF(COUNTIF(cpus!B:B, C85)>0, "found", "Missing") -> found | S85: =IF(COUNTIF(cpus!C:C, G85)>0, "found", "Missing") -> found
A86: =IF(COUNTIF(C86,"*Quad CPU]*"),"found","missing") -> missing | B86: =IF(COUNTIF(C86,"*[Dual CPU]*"),"found","missing") -> missing | C86: =SUBSTITUTE(SUBSTITUTE(SUBSTITUTE(SUBSTITUTE(SUBSTITUTE(I86," Dual Core","")," Quad Core","")," Quad-Core","")," Dual-Core","")," APU","") -> AMD A4-6250J | D86: =IF(ISNUMBER(SEARCH("AMD",H86)),"AMD", IF(ISNUMBER(SEARCH("Intel",H86)),"Intel", IF(ISNUMBER(SEARCH("Apple",H86)),"Apple", IF(ISNUMBER(SEARCH("ARM",H86)),"ARM", IF(ISNUMBER(SEARCH("Google",H86)),"Google", IF(ISNUMBER(SEARCH("MediaTek",H86)),"MediaTek", IF(ISNUMBER(SEARCH("Qualcomm",H86)),"Qualcomm", IF(ISNUMBER(SEARCH("Samsung",H86)),"Samsung", IF(ISNUMBER(SEARCH("Snapdragon",H86)),"Snapdragon",""))))))))) -> AMD | E86: =TRIM(SUBSTITUTE(SUBSTITUTE(SUBSTITUTE(SUBSTITUTE(SUBSTITUTE(SUBSTITUTE(SUBSTITUTE(SUBSTITUTE(SUBSTITUTE(H86, "Apple",""),"ARM",""),"Google",""),"MediaTek",""),"Qualcomm",""),"Samsung",""),"Snapdragon",""),"Intel",""),"AMD","")) -> A4-6250J | F86: =TRIM(SUBSTITUTE(SUBSTITUTE(SUBSTITUTE(SUBSTITUTE(SUBSTITUTE(SUBSTITUTE(SUBSTITUTE(SUBSTITUTE(SUBSTITUTE(E86, "Core2 Extreme",""),"Core2 Quad",""),"Core2 Duo",""),"Core",""), "Pentium Gold",""),"Pentium",""), "Xeon Platinum",""),"Xeon Gold",""),"Xeon Silver","")) -> A4-6250J | G86: =TRIM(SUBSTITUTE(F86,"Xeon","")) -> A4-6250J | H86: =IFERROR(LEFT(C86, SEARCH(" @", C86) - 1), C86) -> AMD A4-6250J | I86: AMD A4-6250J APU | K86: 2.0 GHz | M86: 4 | N86: 4 | O86: 25 W | P86: Q4 2014 | Q86: https://www.cpubenchmark.net/cpu.php?cpu=AMD A4-6250J APU&id=2454 | R86: =IF(COUNTIF(cpus!B:B, C86)>0, "found", "Missing") -> found | S86: =IF(COUNTIF(cpus!C:C, G86)>0, "found", "Missing") -> found
A87: =IF(COUNTIF(C87,"*Quad CPU]*"),"found","missing") -> missing | B87: =IF(COUNTIF(C87,"*[Dual CPU]*"),"found","missing") -> missing | C87: =SUBSTITUTE(SUBSTITUTE(SUBSTITUTE(SUBSTITUTE(SUBSTITUTE(I87," Dual Core","")," Quad Core","")," Quad-Core","")," Dual-Core","")," APU","") -> AMD A4-6300 | D87: =IF(ISNUMBER(SEARCH("AMD",H87)),"AMD", IF(ISNUMBER(SEARCH("Intel",H87)),"Intel", IF(ISNUMBER(SEARCH("Apple",H87)),"Apple", IF(ISNUMBER(SEARCH("ARM",H87)),"ARM", IF(ISNUMBER(SEARCH("Google",H87)),"Google", IF(ISNUMBER(SEARCH("MediaTek",H87)),"MediaTek", IF(ISNUMBER(SEARCH("Qualcomm",H87)),"Qualcomm", IF(ISNUMBER(SEARCH("Samsung",H87)),"Samsung", IF(ISNUMBER(SEARCH("Snapdragon",H87)),"Snapdragon",""))))))))) -> AMD | E87: =TRIM(SUBSTITUTE(SUBSTITUTE(SUBSTITUTE(SUBSTITUTE(SUBSTITUTE(SUBSTITUTE(SUBSTITUTE(SUBSTITUTE(SUBSTITUTE(H87, "Apple",""),"ARM",""),"Google",""),"MediaTek",""),"Qualcomm",""),"Samsung",""),"Snapdragon",""),"Intel",""),"AMD","")) -> A4-6300 | F87: =TRIM(SUBSTITUTE(SUBSTITUTE(SUBSTITUTE(SUBSTITUTE(SUBSTITUTE(SUBSTITUTE(SUBSTITUTE(SUBSTITUTE(SUBSTITUTE(E87, "Core2 Extreme",""),"Core2 Quad",""),"Core2 Duo",""),"Core",""), "Pentium Gold",""),"Pentium",""), "Xeon Platinum",""),"Xeon Gold",""),"Xeon Silver","")) -> A4-6300 | G87: =TRIM(SUBSTITUTE(F87,"Xeon","")) -> A4-6300 | H87: =IFERROR(LEFT(C87, SEARCH(" @", C87) - 1), C87) -> AMD A4-6300 | I87: AMD A4-6300 APU | J87: FM2 | K87: 3.7 GHz | L87: 3.9 GHz | M87: 2 | O87: 65 W | P87: Q4 2013 | Q87: https://www.cpubenchmark.net/cpu.php?cpu=AMD A4-6300 APU&id=2083 | R87: =IF(COUNTIF(cpus!B:B, C87)>0, "found", "Missing") -> found | S87: =IF(COUNTIF(cpus!C:C, G87)>0, "found", "Missing") -> found
A88: =IF(COUNTIF(C88,"*Quad CPU]*"),"found","missing") -> missing | B88: =IF(COUNTIF(C88,"*[Dual CPU]*"),"found","missing") -> missing | C88: =SUBSTITUTE(SUBSTITUTE(SUBSTITUTE(SUBSTITUTE(SUBSTITUTE(I88," Dual Core","")," Quad Core","")," Quad-Core","")," Dual-Core","")," APU","") -> AMD A4-6300B | D88: =IF(ISNUMBER(SEARCH("AMD",H88)),"AMD", IF(ISNUMBER(SEARCH("Intel",H88)),"Intel", IF(ISNUMBER(SEARCH("Apple",H88)),"Apple", IF(ISNUMBER(SEARCH("ARM",H88)),"ARM", IF(ISNUMBER(SEARCH("Google",H88)),"Google", IF(ISNUMBER(SEARCH("MediaTek",H88)),"MediaTek", IF(ISNUMBER(SEARCH("Qualcomm",H88)),"Qualcomm", IF(ISNUMBER(SEARCH("Samsung",H88)),"Samsung", IF(ISNUMBER(SEARCH("Snapdragon",H88)),"Snapdragon",""))))))))) -> AMD | E88: =TRIM(SUBSTITUTE(SUBSTITUTE(SUBSTITUTE(SUBSTITUTE(SUBSTITUTE(SUBSTITUTE(SUBSTITUTE(SUBSTITUTE(SUBSTITUTE(H88, "Apple",""),"ARM",""),"Google",""),"MediaTek",""),"Qualcomm",""),"Samsung",""),"Snapdragon",""),"Intel",""),"AMD","")) -> A4-6300B | F88: =TRIM(SUBSTITUTE(SUBSTITUTE(SUBSTITUTE(SUBSTITUTE(SUBSTITUTE(SUBSTITUTE(SUBSTITUTE(SUBSTITUTE(SUBSTITUTE(E88, "Core2 Extreme",""),"Core2 Quad",""),"Core2 Duo",""),"Core",""), "Pentium Gold",""),"Pentium",""), "Xeon Platinum",""),"Xeon Gold",""),"Xeon Silver","")) -> A4-6300B | G88: =TRIM(SUBSTITUTE(F88,"Xeon","")) -> A4-6300B | H88: =IFERROR(LEFT(C88, SEARCH(" @", C88) - 1), C88) -> AMD A4-6300B | I88: AMD A4-6300B APU | K88: 3.7 GHz | L88: 3.9 GHz | M88: 2 | O88: 65 W | P88: Q4 2013 | Q88: https://www.cpubenchmark.net/cpu.php?cpu=AMD A4-6300B APU&id=2112 | R88: =IF(COUNTIF(cpus!B:B, C88)>0, "found", "Missing") -> found | S88: =IF(COUNTIF(cpus!C:C, G88)>0, "found", "Missing") -> found
A89: =IF(COUNTIF(C89,"*Quad CPU]*"),"found","missing") -> missing | B89: =IF(COUNTIF(C89,"*[Dual CPU]*"),"found","missing") -> missing | C89: =SUBSTITUTE(SUBSTITUTE(SUBSTITUTE(SUBSTITUTE(SUBSTITUTE(I89," Dual Core","")," Quad Core","")," Quad-Core","")," Dual-Core","")," APU","") -> AMD A4-6320 | D89: =IF(ISNUMBER(SEARCH("AMD",H89)),"AMD", IF(ISNUMBER(SEARCH("Intel",H89)),"Intel", IF(ISNUMBER(SEARCH("Apple",H89)),"Apple", IF(ISNUMBER(SEARCH("ARM",H89)),"ARM", IF(ISNUMBER(SEARCH("Google",H89)),"Google", IF(ISNUMBER(SEARCH("MediaTek",H89)),"MediaTek", IF(ISNUMBER(SEARCH("Qualcomm",H89)),"Qualcomm", IF(ISNUMBER(SEARCH("Samsung",H89)),"Samsung", IF(ISNUMBER(SEARCH("Snapdragon",H89)),"Snapdragon",""))))))))) -> AMD | E89: =TRIM(SUBSTITUTE(SUBSTITUTE(SUBSTITUTE(SUBSTITUTE(SUBSTITUTE(SUBSTITUTE(SUBSTITUTE(SUBSTITUTE(SUBSTITUTE(H89, "Apple",""),"ARM",""),"Google",""),"MediaTek",""),"Qualcomm",""),"Samsung",""),"Snapdragon",""),"Intel",""),"AMD","")) -> A4-6320 | F89: =TRIM(SUBSTITUTE(SUBSTITUTE(SUBSTITUTE(SUBSTITUTE(SUBSTITUTE(SUBSTITUTE(SUBSTITUTE(SUBSTITUTE(SUBSTITUTE(E89, "Core2 Extreme",""),"Core2 Quad",""),"Core2 Duo",""),"Core",""), "Pentium Gold",""),"Pentium",""), "Xeon Platinum",""),"Xeon Gold",""),"Xeon Silver","")) -> A4-6320 | G89: =TRIM(SUBSTITUTE(F89,"Xeon","")) -> A4-6320 | H89: =IFERROR(LEFT(C89, SEARCH(" @", C89) - 1), C89) -> AMD A4-6320 | I89: AMD A4-6320 APU | J89: FM2 | K89: 3.8 GHz | L89: 4.0 GHz | M89: 2 | O89: 65 W | P89: Q2 2014 | Q89: https://www.cpubenchmark.net/cpu.php?cpu=AMD A4-6320 APU&id=2212 | R89: =IF(COUNTIF(cpus!B:B, C89)>0, "found", "Missing") -> found | S89: =IF(COUNTIF(cpus!C:C, G89)>0, "found", "Missing") -> found
A90: =IF(COUNTIF(C90,"*Quad CPU]*"),"found","missing") -> missing | B90: =IF(COUNTIF(C90,"*[Dual CPU]*"),"found","missing") -> missing | C90: =SUBSTITUTE(SUBSTITUTE(SUBSTITUTE(SUBSTITUTE(SUBSTITUTE(I90," Dual Core","")," Quad Core","")," Quad-Core","")," Dual-Core","")," APU","") -> AMD A4-7210 | D90: =IF(ISNUMBER(SEARCH("AMD",H90)),"AMD", IF(ISNUMBER(SEARCH("Intel",H90)),"Intel", IF(ISNUMBER(SEARCH("Apple",H90)),"Apple", IF(ISNUMBER(SEARCH("ARM",H90)),"ARM", IF(ISNUMBER(SEARCH("Google",H90)),"Google", IF(ISNUMBER(SEARCH("MediaTek",H90)),"MediaTek", IF(ISNUMBER(SEARCH("Qualcomm",H90)),"Qualcomm", IF(ISNUMBER(SEARCH("Samsung",H90)),"Samsung", IF(ISNUMBER(SEARCH("Snapdragon",H90)),"Snapdragon",""))))))))) -> AMD | E90: =TRIM(SUBSTITUTE(SUBSTITUTE(SUBSTITUTE(SUBSTITUTE(SUBSTITUTE(SUBSTITUTE(SUBSTITUTE(SUBSTITUTE(SUBSTITUTE(H90, "Apple",""),"ARM",""),"Google",""),"MediaTek",""),"Qualcomm",""),"Samsung",""),"Snapdragon",""),"Intel",""),"AMD","")) -> A4-7210 | F90: =TRIM(SUBSTITUTE(SUBSTITUTE(SUBSTITUTE(SUBSTITUTE(SUBSTITUTE(SUBSTITUTE(SUBSTITUTE(SUBSTITUTE(SUBSTITUTE(E90, "Core2 Extreme",""),"Core2 Quad",""),"Core2 Duo",""),"Core",""), "Pentium Gold",""),"Pentium",""), "Xeon Platinum",""),"Xeon Gold",""),"Xeon Silver","")) -> A4-7210 | G90: =TRIM(SUBSTITUTE(F90,"Xeon","")) -> A4-7210 | H90: =IFERROR(LEFT(C90, SEARCH(" @", C90) - 1), C90) -> AMD A4-7210 | I90: AMD A4-7210 APU | J90: BGA | K90: 1.8 GHz | L90: 2.2 GHz | M90: 4 | N90: 4 | O90: 25 W | P90: Q3 2015 | Q90: https://www.cpubenchmark.net/cpu.php?cpu=AMD A4-7210 APU&id=2549 | R90: =IF(COUNTIF(cpus!B:B, C90)>0, "found", "Missing") -> found | S90: =IF(COUNTIF(cpus!C:C, G90)>0, "found", "Missing") -> found
A91: =IF(COUNTIF(C91,"*Quad CPU]*"),"found","missing") -> missing | B91: =IF(COUNTIF(C91,"*[Dual CPU]*"),"found","missing") -> missing | C91: =SUBSTITUTE(SUBSTITUTE(SUBSTITUTE(SUBSTITUTE(SUBSTITUTE(I91," Dual Core","")," Quad Core","")," Quad-Core","")," Dual-Core","")," APU","") -> AMD A4-7300 | D91: =IF(ISNUMBER(SEARCH("AMD",H91)),"AMD", IF(ISNUMBER(SEARCH("Intel",H91)),"Intel", IF(ISNUMBER(SEARCH("Apple",H91)),"Apple", IF(ISNUMBER(SEARCH("ARM",H91)),"ARM", IF(ISNUMBER(SEARCH("Google",H91)),"Google", IF(ISNUMBER(SEARCH("MediaTek",H91)),"MediaTek", IF(ISNUMBER(SEARCH("Qualcomm",H91)),"Qualcomm", IF(ISNUMBER(SEARCH("Samsung",H91)),"Samsung", IF(ISNUMBER(SEARCH("Snapdragon",H91)),"Snapdragon",""))))))))) -> AMD | E91: =TRIM(SUBSTITUTE(SUBSTITUTE(SUBSTITUTE(SUBSTITUTE(SUBSTITUTE(SUBSTITUTE(SUBSTITUTE(SUBSTITUTE(SUBSTITUTE(H91, "Apple",""),"ARM",""),"Google",""),"MediaTek",""),"Qualcomm",""),"Samsung",""),"Snapdragon",""),"Intel",""),"AMD","")) -> A4-7300 | F91: =TRIM(SUBSTITUTE(SUBSTITUTE(SUBSTITUTE(SUBSTITUTE(SUBSTITUTE(SUBSTITUTE(SUBSTITUTE(SUBSTITUTE(SUBSTITUTE(E91, "Core2 Extreme",""),"Core2 Quad",""),"Core2 Duo",""),"Core",""), "Pentium Gold",""),"Pentium",""), "Xeon Platinum",""),"Xeon Gold",""),"Xeon Silver","")) -> A4-7300 | G91: =TRIM(SUBSTITUTE(F91,"Xeon","")) -> A4-7300 | H91: =IFERROR(LEFT(C91, SEARCH(" @", C91) - 1), C91) -> AMD A4-7300 | I91: AMD A4-7300 APU | J91: FM2 | K91: 3.8 GHz | L91: 4.0 GHz | M91: 2 | O91: 65 W | P91: Q3 2014 | Q91: https://www.cpubenchmark.net/cpu.php?cpu=AMD A4-7300 APU&id=2357 | R91: =IF(COUNTIF(cpus!B:B, C91)>0, "found", "Missing") -> found | S91: =IF(COUNTIF(cpus!C:C, G91)>0, "found", "Missing") -> found
A92: =IF(COUNTIF(C92,"*Quad CPU]*"),"found","missing") -> missing | B92: =IF(COUNTIF(C92,"*[Dual CPU]*"),"found","missing") -> missing | C92: =SUBSTITUTE(SUBSTITUTE(SUBSTITUTE(SUBSTITUTE(SUBSTITUTE(I92," Dual Core","")," Quad Core","")," Quad-Core","")," Dual-Core","")," APU","") -> AMD A4-9120 | D92: =IF(ISNUMBER(SEARCH("AMD",H92)),"AMD", IF(ISNUMBER(SEARCH("Intel",H92)),"Intel", IF(ISNUMBER(SEARCH("Apple",H92)),"Apple", IF(ISNUMBER(SEARCH("ARM",H92)),"ARM", IF(ISNUMBER(SEARCH("Google",H92)),"Google", IF(ISNUMBER(SEARCH("MediaTek",H92)),"MediaTek", IF(ISNUMBER(SEARCH("Qualcomm",H92)),"Qualcomm", IF(ISNUMBER(SEARCH("Samsung",H92)),"Samsung", IF(ISNUMBER(SEARCH("Snapdragon",H92)),"Snapdragon",""))))))))) -> AMD | E92: =TRIM(SUBSTITUTE(SUBSTITUTE(SUBSTITUTE(SUBSTITUTE(SUBSTITUTE(SUBSTITUTE(SUBSTITUTE(SUBSTITUTE(SUBSTITUTE(H92, "Apple",""),"ARM",""),"Google",""),"MediaTek",""),"Qualcomm",""),"Samsung",""),"Snapdragon",""),"Intel",""),"AMD","")) -> A4-9120 | F92: =TRIM(SUBSTITUTE(SUBSTITUTE(SUBSTITUTE(SUBSTITUTE(SUBSTITUTE(SUBSTITUTE(SUBSTITUTE(SUBSTITUTE(SUBSTITUTE(E92, "Core2 Extreme",""),"Core2 Quad",""),"Core2 Duo",""),"Core",""), "Pentium Gold",""),"Pentium",""), "Xeon Platinum",""),"Xeon Gold",""),"Xeon Silver","")) -> A4-9120 | G92: =TRIM(SUBSTITUTE(F92,"Xeon","")) -> A4-9120 | H92: =IFERROR(LEFT(C92, SEARCH(" @", C92) - 1), C92) -> AMD A4-9120 | I92: AMD A4-9120 | J92: BGA | K92: 2.2 GHz | L92: 2.5 GHz | M92: 2 | O92: 15 W | P92: Q3 2017 | Q92: https://www.cpubenchmark.net/cpu.php?cpu=AMD A4-9120&id=3093 | R92: =IF(COUNTIF(cpus!B:B, C92)>0, "found", "Missing") -> found | S92: =IF(COUNTIF(cpus!C:C, G92)>0, "found", "Missing") -> found
A93: =IF(COUNTIF(C93,"*Quad CPU]*"),"found","missing") -> missing | B93: =IF(COUNTIF(C93,"*[Dual CPU]*"),"found","missing") -> missing | C93: =SUBSTITUTE(SUBSTITUTE(SUBSTITUTE(SUBSTITUTE(SUBSTITUTE(I93," Dual Core","")," Quad Core","")," Quad-Core","")," Dual-Core","")," APU","") -> AMD A4-9120C | D93: =IF(ISNUMBER(SEARCH("AMD",H93)),"AMD", IF(ISNUMBER(SEARCH("Intel",H93)),"Intel", IF(ISNUMBER(SEARCH("Apple",H93)),"Apple", IF(ISNUMBER(SEARCH("ARM",H93)),"ARM", IF(ISNUMBER(SEARCH("Google",H93)),"Google", IF(ISNUMBER(SEARCH("MediaTek",H93)),"MediaTek", IF(ISNUMBER(SEARCH("Qualcomm",H93)),"Qualcomm", IF(ISNUMBER(SEARCH("Samsung",H93)),"Samsung", IF(ISNUMBER(SEARCH("Snapdragon",H93)),"Snapdragon",""))))))))) -> AMD | E93: =TRIM(SUBSTITUTE(SUBSTITUTE(SUBSTITUTE(SUBSTITUTE(SUBSTITUTE(SUBSTITUTE(SUBSTITUTE(SUBSTITUTE(SUBSTITUTE(H93, "Apple",""),"ARM",""),"Google",""),"MediaTek",""),"Qualcomm",""),"Samsung",""),"Snapdragon",""),"Intel",""),"AMD","")) -> A4-9120C | F93: =TRIM(SUBSTITUTE(SUBSTITUTE(SUBSTITUTE(SUBSTITUTE(SUBSTITUTE(SUBSTITUTE(SUBSTITUTE(SUBSTITUTE(SUBSTITUTE(E93, "Core2 Extreme",""),"Core2 Quad",""),"Core2 Duo",""),"Core",""), "Pentium Gold",""),"Pentium",""), "Xeon Platinum",""),"Xeon Gold",""),"Xeon Silver","")) -> A4-9120C | G93: =TRIM(SUBSTITUTE(F93,"Xeon","")) -> A4-9120C | H93: =IFERROR(LEFT(C93, SEARCH(" @", C93) - 1), C93) -> AMD A4-9120C | I93: AMD A4-9120C | J93: FT4 | K93: 1.6 GHz | L93: 2.4 GHz | M93: 2 | O93: 6 W | P93: Q3 2019 | Q93: https://www.cpubenchmark.net/cpu.php?cpu=AMD A4-9120C&id=3531 | R93: =IF(COUNTIF(cpus!B:B, C93)>0, "found", "Missing") -> found | S93: =IF(COUNTIF(cpus!C:C, G93)>0, "found", "Missing") -> found
A94: =IF(COUNTIF(C94,"*Quad CPU]*"),"found","missing") -> missing | B94: =IF(COUNTIF(C94,"*[Dual CPU]*"),"found","missing") -> missing | C94: =SUBSTITUTE(SUBSTITUTE(SUBSTITUTE(SUBSTITUTE(SUBSTITUTE(I94," Dual Core","")," Quad Core","")," Quad-Core","")," Dual-Core","")," APU","") -> AMD A4-9120e | D94: =IF(ISNUMBER(SEARCH("AMD",H94)),"AMD", IF(ISNUMBER(SEARCH("Intel",H94)),"Intel", IF(ISNUMBER(SEARCH("Apple",H94)),"Apple", IF(ISNUMBER(SEARCH("ARM",H94)),"ARM", IF(ISNUMBER(SEARCH("Google",H94)),"Google", IF(ISNUMBER(SEARCH("MediaTek",H94)),"MediaTek", IF(ISNUMBER(SEARCH("Qualcomm",H94)),"Qualcomm", IF(ISNUMBER(SEARCH("Samsung",H94)),"Samsung", IF(ISNUMBER(SEARCH("Snapdragon",H94)),"Snapdragon",""))))))))) -> AMD | E94: =TRIM(SUBSTITUTE(SUBSTITUTE(SUBSTITUTE(SUBSTITUTE(SUBSTITUTE(SUBSTITUTE(SUBSTITUTE(SUBSTITUTE(SUBSTITUTE(H94, "Apple",""),"ARM",""),"Google",""),"MediaTek",""),"Qualcomm",""),"Samsung",""),"Snapdragon",""),"Intel",""),"AMD","")) -> A4-9120e | F94: =TRIM(SUBSTITUTE(SUBSTITUTE(SUBSTITUTE(SUBSTITUTE(SUBSTITUTE(SUBSTITUTE(SUBSTITUTE(SUBSTITUTE(SUBSTITUTE(E94, "Core2 Extreme",""),"Core2 Quad",""),"Core2 Duo",""),"Core",""), "Pentium Gold",""),"Pentium",""), "Xeon Platinum",""),"Xeon Gold",""),"Xeon Silver","")) -> A4-9120e | G94: =TRIM(SUBSTITUTE(F94,"Xeon","")) -> A4-9120e | H94: =IFERROR(LEFT(C94, SEARCH(" @", C94) - 1), C94) -> AMD A4-9120e | I94: AMD A4-9120e | J94: FT4 | K94: 1.5 GHz | L94: 2.2 GHz | M94: 2 | P94: Q2 2019 | Q94: https://www.cpubenchmark.net/cpu.php?cpu=AMD A4-9120e&id=3464 | R94: =IF(COUNTIF(cpus!B:B, C94)>0, "found", "Missing") -> found | S94: =IF(COUNTIF(cpus!C:C, G94)>0, "found", "Missing") -> found
A95: =IF(COUNTIF(C95,"*Quad CPU]*"),"found","missing") -> missing | B95: =IF(COUNTIF(C95,"*[Dual CPU]*"),"found","missing") -> missing | C95: =SUBSTITUTE(SUBSTITUTE(SUBSTITUTE(SUBSTITUTE(SUBSTITUTE(I95," Dual Core","")," Quad Core","")," Quad-Core","")," Dual-Core","")," APU","") -> AMD A4-9125 | D95: =IF(ISNUMBER(SEARCH("AMD",H95)),"AMD", IF(ISNUMBER(SEARCH("Intel",H95)),"Intel", IF(ISNUMBER(SEARCH("Apple",H95)),"Apple", IF(ISNUMBER(SEARCH("ARM",H95)),"ARM", IF(ISNUMBER(SEARCH("Google",H95)),"Google", IF(ISNUMBER(SEARCH("MediaTek",H95)),"MediaTek", IF(ISNUMBER(SEARCH("Qualcomm",H95)),"Qualcomm", IF(ISNUMBER(SEARCH("Samsung",H95)),"Samsung", IF(ISNUMBER(SEARCH("Snapdragon",H95)),"Snapdragon",""))))))))) -> AMD | E95: =TRIM(SUBSTITUTE(SUBSTITUTE(SUBSTITUTE(SUBSTITUTE(SUBSTITUTE(SUBSTITUTE(SUBSTITUTE(SUBSTITUTE(SUBSTITUTE(H95, "Apple",""),"ARM",""),"Google",""),"MediaTek",""),"Qualcomm",""),"Samsung",""),"Snapdragon",""),"Intel",""),"AMD","")) -> A4-9125 | F95: =TRIM(SUBSTITUTE(SUBSTITUTE(SUBSTITUTE(SUBSTITUTE(SUBSTITUTE(SUBSTITUTE(SUBSTITUTE(SUBSTITUTE(SUBSTITUTE(E95, "Core2 Extreme",""),"Core2 Quad",""),"Core2 Duo",""),"Core",""), "Pentium Gold",""),"Pentium",""), "Xeon Platinum",""),"Xeon Gold",""),"Xeon Silver","")) -> A4-9125 | G95: =TRIM(SUBSTITUTE(F95,"Xeon","")) -> A4-9125 | H95: =IFERROR(LEFT(C95, SEARCH(" @", C95) - 1), C95) -> AMD A4-9125 | I95: AMD A4-9125 | J95: BGA (FT4) | K95: 2.3 GHz | L95: 2.6 GHz | M95: 2 | O95: 15 W | P95: Q4 2018 | Q95: https://www.cpubenchmark.net/cpu.php?cpu=AMD A4-9125&id=3362 | R95: =IF(COUNTIF(cpus!B:B, C95)>0, "found", "Missing") -> found | S95: =IF(COUNTIF(cpus!C:C, G95)>0, "found", "Missing") -> found
A96: =IF(COUNTIF(C96,"*Quad CPU]*"),"found","missing") -> missing | B96: =IF(COUNTIF(C96,"*[Dual CPU]*"),"found","missing") -> missing | C96: =SUBSTITUTE(SUBSTITUTE(SUBSTITUTE(SUBSTITUTE(SUBSTITUTE(I96," Dual Core","")," Quad Core","")," Quad-Core","")," Dual-Core","")," APU","") -> AMD A6 Micro-6500T | D96: =IF(ISNUMBER(SEARCH("AMD",H96)),"AMD", IF(ISNUMBER(SEARCH("Intel",H96)),"Intel", IF(ISNUMBER(SEARCH("Apple",H96)),"Apple", IF(ISNUMBER(SEARCH("ARM",H96)),"ARM", IF(ISNUMBER(SEARCH("Google",H96)),"Google", IF(ISNUMBER(SEARCH("MediaTek",H96)),"MediaTek", IF(ISNUMBER(SEARCH("Qualcomm",H96)),"Qualcomm", IF(ISNUMBER(SEARCH("Samsung",H96)),"Samsung", IF(ISNUMBER(SEARCH("Snapdragon",H96)),"Snapdragon",""))))))))) -> AMD | E96: =TRIM(SUBSTITUTE(SUBSTITUTE(SUBSTITUTE(SUBSTITUTE(SUBSTITUTE(SUBSTITUTE(SUBSTITUTE(SUBSTITUTE(SUBSTITUTE(H96, "Apple",""),"ARM",""),"Google",""),"MediaTek",""),"Qualcomm",""),"Samsung",""),"Snapdragon",""),"Intel",""),"AMD","")) -> A6 Micro-6500T | F96: =TRIM(SUBSTITUTE(SUBSTITUTE(SUBSTITUTE(SUBSTITUTE(SUBSTITUTE(SUBSTITUTE(SUBSTITUTE(SUBSTITUTE(SUBSTITUTE(E96, "Core2 Extreme",""),"Core2 Quad",""),"Core2 Duo",""),"Core",""), "Pentium Gold",""),"Pentium",""), "Xeon Platinum",""),"Xeon Gold",""),"Xeon Silver","")) -> A6 Micro-6500T | G96: =TRIM(SUBSTITUTE(F96,"Xeon","")) -> A6 Micro-6500T | H96: =IFERROR(LEFT(C96, SEARCH(" @", C96) - 1), C96) -> AMD A6 Micro-6500T | I96: AMD A6 Micro-6500T APU | K96: 1.2 GHz | M96: 4 | N96: 4 | P96: Q1 2016 | Q96: https://www.cpubenchmark.net/cpu.php?cpu=AMD A6 Micro-6500T APU&id=2698 | R96: =IF(COUNTIF(cpus!B:B, C96)>0, "found", "Missing") -> found | S96: =IF(COUNTIF(cpus!C:C, G96)>0, "found", "Missing") -> found
A97: =IF(COUNTIF(C97,"*Quad CPU]*"),"found","missing") -> missing | B97: =IF(COUNTIF(C97,"*[Dual CPU]*"),"found","missing") -> missing | C97: =SUBSTITUTE(SUBSTITUTE(SUBSTITUTE(SUBSTITUTE(SUBSTITUTE(I97," Dual Core","")," Quad Core","")," Quad-Core","")," Dual-Core","")," APU","") -> AMD A6 PRO-7050B | D97: =IF(ISNUMBER(SEARCH("AMD",H97)),"AMD", IF(ISNUMBER(SEARCH("Intel",H97)),"Intel", IF(ISNUMBER(SEARCH("Apple",H97)),"Apple", IF(ISNUMBER(SEARCH("ARM",H97)),"ARM", IF(ISNUMBER(SEARCH("Google",H97)),"Google", IF(ISNUMBER(SEARCH("MediaTek",H97)),"MediaTek", IF(ISNUMBER(SEARCH("Qualcomm",H97)),"Qualcomm", IF(ISNUMBER(SEARCH("Samsung",H97)),"Samsung", IF(ISNUMBER(SEARCH("Snapdragon",H97)),"Snapdragon",""))))))))) -> AMD | E97: =TRIM(SUBSTITUTE(SUBSTITUTE(SUBSTITUTE(SUBSTITUTE(SUBSTITUTE(SUBSTITUTE(SUBSTITUTE(SUBSTITUTE(SUBSTITUTE(H97, "Apple",""),"ARM",""),"Google",""),"MediaTek",""),"Qualcomm",""),"Samsung",""),"Snapdragon",""),"Intel",""),"AMD","")) -> A6 PRO-7050B | F97: =TRIM(SUBSTITUTE(SUBSTITUTE(SUBSTITUTE(SUBSTITUTE(SUBSTITUTE(SUBSTITUTE(SUBSTITUTE(SUBSTITUTE(SUBSTITUTE(E97, "Core2 Extreme",""),"Core2 Quad",""),"Core2 Duo",""),"Core",""), "Pentium Gold",""),"Pentium",""), "Xeon Platinum",""),"Xeon Gold",""),"Xeon Silver","")) -> A6 PRO-7050B | G97: =TRIM(SUBSTITUTE(F97,"Xeon","")) -> A6 PRO-7050B | H97: =IFERROR(LEFT(C97, SEARCH(" @", C97) - 1), C97) -> AMD A6 PRO-7050B | I97: AMD A6 PRO-7050B APU | J97: FP3 | K97: 2.2 GHz | L97: 3.0 GHz | M97: 2 | O97: 17 W | P97: Q3 2014 | Q97: https://www.cpubenchmark.net/cpu.php?cpu=AMD A6 PRO-7050B APU&id=2353 | R97: =IF(COUNTIF(cpus!B:B, C97)>0, "found", "Missing") -> found | S97: =IF(COUNTIF(cpus!C:C, G97)>0, "found", "Missing") -> found
A98: =IF(COUNTIF(C98,"*Quad CPU]*"),"found","missing") -> missing | B98: =IF(COUNTIF(C98,"*[Dual CPU]*"),"found","missing") -> missing | C98: =SUBSTITUTE(SUBSTITUTE(SUBSTITUTE(SUBSTITUTE(SUBSTITUTE(I98," Dual Core","")," Quad Core","")," Quad-Core","")," Dual-Core","")," APU","") -> AMD A6 PRO-7400B | D98: =IF(ISNUMBER(SEARCH("AMD",H98)),"AMD", IF(ISNUMBER(SEARCH("Intel",H98)),"Intel", IF(ISNUMBER(SEARCH("Apple",H98)),"Apple", IF(ISNUMBER(SEARCH("ARM",H98)),"ARM", IF(ISNUMBER(SEARCH("Google",H98)),"Google", IF(ISNUMBER(SEARCH("MediaTek",H98)),"MediaTek", IF(ISNUMBER(SEARCH("Qualcomm",H98)),"Qualcomm", IF(ISNUMBER(SEARCH("Samsung",H98)),"Samsung", IF(ISNUMBER(SEARCH("Snapdragon",H98)),"Snapdragon",""))))))))) -> AMD | E98: =TRIM(SUBSTITUTE(SUBSTITUTE(SUBSTITUTE(SUBSTITUTE(SUBSTITUTE(SUBSTITUTE(SUBSTITUTE(SUBSTITUTE(SUBSTITUTE(H98, "Apple",""),"ARM",""),"Google",""),"MediaTek",""),"Qualcomm",""),"Samsung",""),"Snapdragon",""),"Intel",""),"AMD","")) -> A6 PRO-7400B | F98: =TRIM(SUBSTITUTE(SUBSTITUTE(SUBSTITUTE(SUBSTITUTE(SUBSTITUTE(SUBSTITUTE(SUBSTITUTE(SUBSTITUTE(SUBSTITUTE(E98, "Core2 Extreme",""),"Core2 Quad",""),"Core2 Duo",""),"Core",""), "Pentium Gold",""),"Pentium",""), "Xeon Platinum",""),"Xeon Gold",""),"Xeon Silver","")) -> A6 PRO-7400B | G98: =TRIM(SUBSTITUTE(F98,"Xeon","")) -> A6 PRO-7400B | H98: =IFERROR(LEFT(C98, SEARCH(" @", C98) - 1), C98) -> AMD A6 PRO-7400B | I98: AMD A6 PRO-7400B | J98: FM2+ | K98: 3.5 GHz | L98: 3.9 GHz | M98: 2 | O98: 65 W | P98: Q4 2014 | Q98: https://www.cpubenchmark.net/cpu.php?cpu=AMD A6 PRO-7400B&id=2436 | R98: =IF(COUNTIF(cpus!B:B, C98)>0, "found", "Missing") -> found | S98: =IF(COUNTIF(cpus!C:C, G98)>0, "found", "Missing") -> found
A99: =IF(COUNTIF(C99,"*Quad CPU]*"),"found","missing") -> missing | B99: =IF(COUNTIF(C99,"*[Dual CPU]*"),"found","missing") -> missing | C99: =SUBSTITUTE(SUBSTITUTE(SUBSTITUTE(SUBSTITUTE(SUBSTITUTE(I99," Dual Core","")," Quad Core","")," Quad-Core","")," Dual-Core","")," APU","") -> AMD A6-1450 | D99: =IF(ISNUMBER(SEARCH("AMD",H99)),"AMD", IF(ISNUMBER(SEARCH("Intel",H99)),"Intel", IF(ISNUMBER(SEARCH("Apple",H99)),"Apple", IF(ISNUMBER(SEARCH("ARM",H99)),"ARM", IF(ISNUMBER(SEARCH("Google",H99)),"Google", IF(ISNUMBER(SEARCH("MediaTek",H99)),"MediaTek", IF(ISNUMBER(SEARCH("Qualcomm",H99)),"Qualcomm", IF(ISNUMBER(SEARCH("Samsung",H99)),"Samsung", IF(ISNUMBER(SEARCH("Snapdragon",H99)),"Snapdragon",""))))))))) -> AMD | E99: =TRIM(SUBSTITUTE(SUBSTITUTE(SUBSTITUTE(SUBSTITUTE(SUBSTITUTE(SUBSTITUTE(SUBSTITUTE(SUBSTITUTE(SUBSTITUTE(H99, "Apple",""),"ARM",""),"Google",""),"MediaTek",""),"Qualcomm",""),"Samsung",""),"Snapdragon",""),"Intel",""),"AMD","")) -> A6-1450 | F99: =TRIM(SUBSTITUTE(SUBSTITUTE(SUBSTITUTE(SUBSTITUTE(SUBSTITUTE(SUBSTITUTE(SUBSTITUTE(SUBSTITUTE(SUBSTITUTE(E99, "Core2 Extreme",""),"Core2 Quad",""),"Core2 Duo",""),"Core",""), "Pentium Gold",""),"Pentium",""), "Xeon Platinum",""),"Xeon Gold",""),"Xeon Silver","")) -> A6-1450 | G99: =TRIM(SUBSTITUTE(F99,"Xeon","")) -> A6-1450 | H99: =IFERROR(LEFT(C99, SEARCH(" @", C99) - 1), C99) -> AMD A6-1450 | I99: AMD A6-1450 APU | J99: FT3 | K99: 1.0 GHz | L99: 1.4 GHz | M99: 4 | N99: 4 | O99: 8 W | P99: Q2 2013 | Q99: https://www.cpubenchmark.net/cpu.php?cpu=AMD A6-1450 APU&id=1908 | R99: =IF(COUNTIF(cpus!B:B, C99)>0, "found", "Missing") -> found | S99: =IF(COUNTIF(cpus!C:C, G99)>0, "found", "Missing") -> found
A100: =IF(COUNTIF(C100,"*Quad CPU]*"),"found","missing") -> missing | B100: =IF(COUNTIF(C100,"*[Dual CPU]*"),"found","missing") -> missing | C100: =SUBSTITUTE(SUBSTITUTE(SUBSTITUTE(SUBSTITUTE(SUBSTITUTE(I100," Dual Core","")," Quad Core","")," Quad-Core","")," Dual-Core","")," APU","") -> AMD A6-3400M | D100: =IF(ISNUMBER(SEARCH("AMD",H100)),"AMD", IF(ISNUMBER(SEARCH("Intel",H100)),"Intel", IF(ISNUMBER(SEARCH("Apple",H100)),"Apple", IF(ISNUMBER(SEARCH("ARM",H100)),"ARM", IF(ISNUMBER(SEARCH("Google",H100)),"Google", IF(ISNUMBER(SEARCH("MediaTek",H100)),"MediaTek", IF(ISNUMBER(SEARCH("Qualcomm",H100)),"Qualcomm", IF(ISNUMBER(SEARCH("Samsung",H100)),"Samsung", IF(ISNUMBER(SEARCH("Snapdragon",H100)),"Snapdragon",""))))))))) -> AMD | E100: =TRIM(SUBSTITUTE(SUBSTITUTE(SUBSTITUTE(SUBSTITUTE(SUBSTITUTE(SUBSTITUTE(SUBSTITUTE(SUBSTITUTE(SUBSTITUTE(H100, "Apple",""),"ARM",""),"Google",""),"MediaTek",""),"Qualcomm",""),"Samsung",""),"Snapdragon",""),"Intel",""),"AMD","")) -> A6-3400M | F100: =TRIM(SUBSTITUTE(SUBSTITUTE(SUBSTITUTE(SUBSTITUTE(SUBSTITUTE(SUBSTITUTE(SUBSTITUTE(SUBSTITUTE(SUBSTITUTE(E100, "Core2 Extreme",""),"Core2 Quad",""),"Core2 Duo",""),"Core",""), "Pentium Gold",""),"Pentium",""), "Xeon Platinum",""),"Xeon Gold",""),"Xeon Silver","")) -> A6-3400M | G100: =TRIM(SUBSTITUTE(F100,"Xeon","")) -> A6-3400M | H100: =IFERROR(LEFT(C100, SEARCH(" @", C100) - 1), C100) -> AMD A6-3400M | I100: AMD A6-3400M APU | J100: FS1 | K100: 1.4 GHz | L100: 2.3 GHz | M100: 4 | N100: 4 | O100: 35 W | P100: Q2 2011 | Q100: https://www.cpubenchmark.net/cpu.php?cpu=AMD A6-3400M APU&id=20 | R100: =IF(COUNTIF(cpus!B:B, C100)>0, "found", "Missing") -> found | S100: =IF(COUNTIF(cpus!C:C, G100)>0, "found", "Missing") -> found
A101: =IF(COUNTIF(C101,"*Quad CPU]*"),"found","missing") -> missing | B101: =IF(COUNTIF(C101,"*[Dual CPU]*"),"found","missing") -> missing | C101: =SUBSTITUTE(SUBSTITUTE(SUBSTITUTE(SUBSTITUTE(SUBSTITUTE(I101," Dual Core","")," Quad Core","")," Quad-Core","")," Dual-Core","")," APU","") -> AMD A6-3410MX | D101: =IF(ISNUMBER(SEARCH("AMD",H101)),"AMD", IF(ISNUMBER(SEARCH("Intel",H101)),"Intel", IF(ISNUMBER(SEARCH("Apple",H101)),"Apple", IF(ISNUMBER(SEARCH("ARM",H101)),"ARM", IF(ISNUMBER(SEARCH("Google",H101)),"Google", IF(ISNUMBER(SEARCH("MediaTek",H101)),"MediaTek", IF(ISNUMBER(SEARCH("Qualcomm",H101)),"Qualcomm", IF(ISNUMBER(SEARCH("Samsung",H101)),"Samsung", IF(ISNUMBER(SEARCH("Snapdragon",H101)),"Snapdragon",""))))))))) -> AMD | E101: =TRIM(SUBSTITUTE(SUBSTITUTE(SUBSTITUTE(SUBSTITUTE(SUBSTITUTE(SUBSTITUTE(SUBSTITUTE(SUBSTITUTE(SUBSTITUTE(H101, "Apple",""),"ARM",""),"Google",""),"MediaTek",""),"Qualcomm",""),"Samsung",""),"Snapdragon",""),"Intel",""),"AMD","")) -> A6-3410MX | F101: =TRIM(SUBSTITUTE(SUBSTITUTE(SUBSTITUTE(SUBSTITUTE(SUBSTITUTE(SUBSTITUTE(SUBSTITUTE(SUBSTITUTE(SUBSTITUTE(E101, "Core2 Extreme",""),"Core2 Quad",""),"Core2 Duo",""),"Core",""), "Pentium Gold",""),"Pentium",""), "Xeon Platinum",""),"Xeon Gold",""),"Xeon Silver","")) -> A6-3410MX | G101: =TRIM(SUBSTITUTE(F101,"Xeon","")) -> A6-3410MX | H101: =IFERROR(LEFT(C101, SEARCH(" @", C101) - 1), C101) -> AMD A6-3410MX | I101: AMD A6-3410MX APU | J101: FS1 | K101: 1.6 GHz | L101: 2.3 GHz | M101: 4 | N101: 4 | O101: 45 W | P101: Q3 2011 | Q101: https://www.cpubenchmark.net/cpu.php?cpu=AMD A6-3410MX APU&id=21 | R101: =IF(COUNTIF(cpus!B:B, C101)>0, "found", "Missing") -> found | S101: =IF(COUNTIF(cpus!C:C, G101)>0, "found", "Missing") -> found
A102: =IF(COUNTIF(C102,"*Quad CPU]*"),"found","missing") -> missing | B102: =IF(COUNTIF(C102,"*[Dual CPU]*"),"found","missing") -> missing | C102: =SUBSTITUTE(SUBSTITUTE(SUBSTITUTE(SUBSTITUTE(SUBSTITUTE(I102," Dual Core","")," Quad Core","")," Quad-Core","")," Dual-Core","")," APU","") -> AMD A6-3420M | D102: =IF(ISNUMBER(SEARCH("AMD",H102)),"AMD", IF(ISNUMBER(SEARCH("Intel",H102)),"Intel", IF(ISNUMBER(SEARCH("Apple",H102)),"Apple", IF(ISNUMBER(SEARCH("ARM",H102)),"ARM", IF(ISNUMBER(SEARCH("Google",H102)),"Google", IF(ISNUMBER(SEARCH("MediaTek",H102)),"MediaTek", IF(ISNUMBER(SEARCH("Qualcomm",H102)),"Qualcomm", IF(ISNUMBER(SEARCH("Samsung",H102)),"Samsung", IF(ISNUMBER(SEARCH("Snapdragon",H102)),"Snapdragon",""))))))))) -> AMD | E102: =TRIM(SUBSTITUTE(SUBSTITUTE(SUBSTITUTE(SUBSTITUTE(SUBSTITUTE(SUBSTITUTE(SUBSTITUTE(SUBSTITUTE(SUBSTITUTE(H102, "Apple",""),"ARM",""),"Google",""),"MediaTek",""),"Qualcomm",""),"Samsung",""),"Snapdragon",""),"Intel",""),"AMD","")) -> A6-3420M | F102: =TRIM(SUBSTITUTE(SUBSTITUTE(SUBSTITUTE(SUBSTITUTE(SUBSTITUTE(SUBSTITUTE(SUBSTITUTE(SUBSTITUTE(SUBSTITUTE(E102, "Core2 Extreme",""),"Core2 Quad",""),"Core2 Duo",""),"Core",""), "Pentium Gold",""),"Pentium",""), "Xeon Platinum",""),"Xeon Gold",""),"Xeon Silver","")) -> A6-3420M | G102: =TRIM(SUBSTITUTE(F102,"Xeon","")) -> A6-3420M | H102: =IFERROR(LEFT(C102, SEARCH(" @", C102) - 1), C102) -> AMD A6-3420M | I102: AMD A6-3420M APU | J102: FS1 | K102: 1.5 GHz | L102: 2.4 GHz | M102: 4 | N102: 4 | O102: 35 W | P102: Q1 2012 | Q102: https://www.cpubenchmark.net/cpu.php?cpu=AMD A6-3420M APU&id=22 | R102: =IF(COUNTIF(cpus!B:B, C102)>0, "found", "Missing") -> found | S102: =IF(COUNTIF(cpus!C:C, G102)>0, "found", "Missing") -> found
A103: =IF(COUNTIF(C103,"*Quad CPU]*"),"found","missing") -> missing | B103: =IF(COUNTIF(C103,"*[Dual CPU]*"),"found","missing") -> missing | C103: =SUBSTITUTE(SUBSTITUTE(SUBSTITUTE(SUBSTITUTE(SUBSTITUTE(I103," Dual Core","")," Quad Core","")," Quad-Core","")," Dual-Core","")," APU","") -> AMD A6-3430MX | D103: =IF(ISNUMBER(SEARCH("AMD",H103)),"AMD", IF(ISNUMBER(SEARCH("Intel",H103)),"Intel", IF(ISNUMBER(SEARCH("Apple",H103)),"Apple", IF(ISNUMBER(SEARCH("ARM",H103)),"ARM", IF(ISNUMBER(SEARCH("Google",H103)),"Google", IF(ISNUMBER(SEARCH("MediaTek",H103)),"MediaTek", IF(ISNUMBER(SEARCH("Qualcomm",H103)),"Qualcomm", IF(ISNUMBER(SEARCH("Samsung",H103)),"Samsung", IF(ISNUMBER(SEARCH("Snapdragon",H103)),"Snapdragon",""))))))))) -> AMD | E103: =TRIM(SUBSTITUTE(SUBSTITUTE(SUBSTITUTE(SUBSTITUTE(SUBSTITUTE(SUBSTITUTE(SUBSTITUTE(SUBSTITUTE(SUBSTITUTE(H103, "Apple",""),"ARM",""),"Google",""),"MediaTek",""),"Qualcomm",""),"Samsung",""),"Snapdragon",""),"Intel",""),"AMD","")) -> A6-3430MX | F103: =TRIM(SUBSTITUTE(SUBSTITUTE(SUBSTITUTE(SUBSTITUTE(SUBSTITUTE(SUBSTITUTE(SUBSTITUTE(SUBSTITUTE(SUBSTITUTE(E103, "Core2 Extreme",""),"Core2 Quad",""),"Core2 Duo",""),"Core",""), "Pentium Gold",""),"Pentium",""), "Xeon Platinum",""),"Xeon Gold",""),"Xeon Silver","")) -> A6-3430MX | G103: =TRIM(SUBSTITUTE(F103,"Xeon","")) -> A6-3430MX | H103: =IFERROR(LEFT(C103, SEARCH(" @", C103) - 1), C103) -> AMD A6-3430MX | I103: AMD A6-3430MX APU | J103: FS1 | K103: 1.7 GHz | L103: 2.4 GHz | M103: 4 | N103: 4 | O103: 45 W | P103: Q1 2012 | Q103: https://www.cpubenchmark.net/cpu.php?cpu=AMD A6-3430MX APU&id=23 | R103: =IF(COUNTIF(cpus!B:B, C103)>0, "found", "Missing") -> found | S103: =IF(COUNTIF(cpus!C:C, G103)>0, "found", "Missing") -> found
A104: =IF(COUNTIF(C104,"*Quad CPU]*"),"found","missing") -> missing | B104: =IF(COUNTIF(C104,"*[Dual CPU]*"),"found","missing") -> missing | C104: =SUBSTITUTE(SUBSTITUTE(SUBSTITUTE(SUBSTITUTE(SUBSTITUTE(I104," Dual Core","")," Quad Core","")," Quad-Core","")," Dual-Core","")," APU","") -> AMD A6-3500 | D104: =IF(ISNUMBER(SEARCH("AMD",H104)),"AMD", IF(ISNUMBER(SEARCH("Intel",H104)),"Intel", IF(ISNUMBER(SEARCH("Apple",H104)),"Apple", IF(ISNUMBER(SEARCH("ARM",H104)),"ARM", IF(ISNUMBER(SEARCH("Google",H104)),"Google", IF(ISNUMBER(SEARCH("MediaTek",H104)),"MediaTek", IF(ISNUMBER(SEARCH("Qualcomm",H104)),"Qualcomm", IF(ISNUMBER(SEARCH("Samsung",H104)),"Samsung", IF(ISNUMBER(SEARCH("Snapdragon",H104)),"Snapdragon",""))))))))) -> AMD | E104: =TRIM(SUBSTITUTE(SUBSTITUTE(SUBSTITUTE(SUBSTITUTE(SUBSTITUTE(SUBSTITUTE(SUBSTITUTE(SUBSTITUTE(SUBSTITUTE(H104, "Apple",""),"ARM",""),"Google",""),"MediaTek",""),"Qualcomm",""),"Samsung",""),"Snapdragon",""),"Intel",""),"AMD","")) -> A6-3500 | F104: =TRIM(SUBSTITUTE(SUBSTITUTE(SUBSTITUTE(SUBSTITUTE(SUBSTITUTE(SUBSTITUTE(SUBSTITUTE(SUBSTITUTE(SUBSTITUTE(E104, "Core2 Extreme",""),"Core2 Quad",""),"Core2 Duo",""),"Core",""), "Pentium Gold",""),"Pentium",""), "Xeon Platinum",""),"Xeon Gold",""),"Xeon Silver","")) -> A6-3500 | G104: =TRIM(SUBSTITUTE(F104,"Xeon","")) -> A6-3500 | H104: =IFERROR(LEFT(C104, SEARCH(" @", C104) - 1), C104) -> AMD A6-3500 | I104: AMD A6-3500 APU | J104: FM1 | K104: 2.1 GHz | L104: 2.4 GHz | M104: 3 | N104: 3 | O104: 65 W | P104: Q3 2011 | Q104: https://www.cpubenchmark.net/cpu.php?cpu=AMD A6-3500 APU&id=24 | R104: =IF(COUNTIF(cpus!B:B, C104)>0, "found", "Missing") -> found | S104: =IF(COUNTIF(cpus!C:C, G104)>0, "found", "Missing") -> found
A105: =IF(COUNTIF(C105,"*Quad CPU]*"),"found","missing") -> missing | B105: =IF(COUNTIF(C105,"*[Dual CPU]*"),"found","missing") -> missing | C105: =SUBSTITUTE(SUBSTITUTE(SUBSTITUTE(SUBSTITUTE(SUBSTITUTE(I105," Dual Core","")," Quad Core","")," Quad-Core","")," Dual-Core","")," APU","") -> AMD A6-3600 | D105: =IF(ISNUMBER(SEARCH("AMD",H105)),"AMD", IF(ISNUMBER(SEARCH("Intel",H105)),"Intel", IF(ISNUMBER(SEARCH("Apple",H105)),"Apple", IF(ISNUMBER(SEARCH("ARM",H105)),"ARM", IF(ISNUMBER(SEARCH("Google",H105)),"Google", IF(ISNUMBER(SEARCH("MediaTek",H105)),"MediaTek", IF(ISNUMBER(SEARCH("Qualcomm",H105)),"Qualcomm", IF(ISNUMBER(SEARCH("Samsung",H105)),"Samsung", IF(ISNUMBER(SEARCH("Snapdragon",H105)),"Snapdragon",""))))))))) -> AMD | E105: =TRIM(SUBSTITUTE(SUBSTITUTE(SUBSTITUTE(SUBSTITUTE(SUBSTITUTE(SUBSTITUTE(SUBSTITUTE(SUBSTITUTE(SUBSTITUTE(H105, "Apple",""),"ARM",""),"Google",""),"MediaTek",""),"Qualcomm",""),"Samsung",""),"Snapdragon",""),"Intel",""),"AMD","")) -> A6-3600 | F105: =TRIM(SUBSTITUTE(SUBSTITUTE(SUBSTITUTE(SUBSTITUTE(SUBSTITUTE(SUBSTITUTE(SUBSTITUTE(SUBSTITUTE(SUBSTITUTE(E105, "Core2 Extreme",""),"Core2 Quad",""),"Core2 Duo",""),"Core",""), "Pentium Gold",""),"Pentium",""), "Xeon Platinum",""),"Xeon Gold",""),"Xeon Silver","")) -> A6-3600 | G105: =TRIM(SUBSTITUTE(F105,"Xeon","")) -> A6-3600 | H105: =IFERROR(LEFT(C105, SEARCH(" @", C105) - 1), C105) -> AMD A6-3600 | I105: AMD A6-3600 APU | J105: FM1 | K105: 2.1 GHz | L105: 2.4 GHz | M105: 4 | N105: 4 | O105: 65 W | P105: Q4 2011 | Q105: https://www.cpubenchmark.net/cpu.php?cpu=AMD A6-3600 APU&id=25 | R105: =IF(COUNTIF(cpus!B:B, C105)>0, "found", "Missing") -> found | S105: =IF(COUNTIF(cpus!C:C, G105)>0, "found", "Missing") -> found
A106: =IF(COUNTIF(C106,"*Quad CPU]*"),"found","missing") -> missing | B106: =IF(COUNTIF(C106,"*[Dual CPU]*"),"found","missing") -> missing | C106: =SUBSTITUTE(SUBSTITUTE(SUBSTITUTE(SUBSTITUTE(SUBSTITUTE(I106," Dual Core","")," Quad Core","")," Quad-Core","")," Dual-Core","")," APU","") -> AMD A6-3620 | D106: =IF(ISNUMBER(SEARCH("AMD",H106)),"AMD", IF(ISNUMBER(SEARCH("Intel",H106)),"Intel", IF(ISNUMBER(SEARCH("Apple",H106)),"Apple", IF(ISNUMBER(SEARCH("ARM",H106)),"ARM", IF(ISNUMBER(SEARCH("Google",H106)),"Google", IF(ISNUMBER(SEARCH("MediaTek",H106)),"MediaTek", IF(ISNUMBER(SEARCH("Qualcomm",H106)),"Qualcomm", IF(ISNUMBER(SEARCH("Samsung",H106)),"Samsung", IF(ISNUMBER(SEARCH("Snapdragon",H106)),"Snapdragon",""))))))))) -> AMD | E106: =TRIM(SUBSTITUTE(SUBSTITUTE(SUBSTITUTE(SUBSTITUTE(SUBSTITUTE(SUBSTITUTE(SUBSTITUTE(SUBSTITUTE(SUBSTITUTE(H106, "Apple",""),"ARM",""),"Google",""),"MediaTek",""),"Qualcomm",""),"Samsung",""),"Snapdragon",""),"Intel",""),"AMD","")) -> A6-3620 | F106: =TRIM(SUBSTITUTE(SUBSTITUTE(SUBSTITUTE(SUBSTITUTE(SUBSTITUTE(SUBSTITUTE(SUBSTITUTE(SUBSTITUTE(SUBSTITUTE(E106, "Core2 Extreme",""),"Core2 Quad",""),"Core2 Duo",""),"Core",""), "Pentium Gold",""),"Pentium",""), "Xeon Platinum",""),"Xeon Gold",""),"Xeon Silver","")) -> A6-3620 | G106: =TRIM(SUBSTITUTE(F106,"Xeon","")) -> A6-3620 | H106: =IFERROR(LEFT(C106, SEARCH(" @", C106) - 1), C106) -> AMD A6-3620 | I106: AMD A6-3620 APU | J106: FM1 | K106: 2.2 GHz | L106: 2.5 GHz | M106: 4 | N106: 4 | O106: 65 W | P106: Q1 2012 | Q106: https://www.cpubenchmark.net/cpu.php?cpu=AMD A6-3620 APU&id=26 | R106: =IF(COUNTIF(cpus!B:B, C106)>0, "found", "Missing") -> found | S106: =IF(COUNTIF(cpus!C:C, G106)>0, "found", "Missing") -> found
A107: =IF(COUNTIF(C107,"*Quad CPU]*"),"found","missing") -> missing | B107: =IF(COUNTIF(C107,"*[Dual CPU]*"),"found","missing") -> missing | C107: =SUBSTITUTE(SUBSTITUTE(SUBSTITUTE(SUBSTITUTE(SUBSTITUTE(I107," Dual Core","")," Quad Core","")," Quad-Core","")," Dual-Core","")," APU","") -> AMD A6-3650 | D107: =IF(ISNUMBER(SEARCH("AMD",H107)),"AMD", IF(ISNUMBER(SEARCH("Intel",H107)),"Intel", IF(ISNUMBER(SEARCH("Apple",H107)),"Apple", IF(ISNUMBER(SEARCH("ARM",H107)),"ARM", IF(ISNUMBER(SEARCH("Google",H107)),"Google", IF(ISNUMBER(SEARCH("MediaTek",H107)),"MediaTek", IF(ISNUMBER(SEARCH("Qualcomm",H107)),"Qualcomm", IF(ISNUMBER(SEARCH("Samsung",H107)),"Samsung", IF(ISNUMBER(SEARCH("Snapdragon",H107)),"Snapdragon",""))))))))) -> AMD | E107: =TRIM(SUBSTITUTE(SUBSTITUTE(SUBSTITUTE(SUBSTITUTE(SUBSTITUTE(SUBSTITUTE(SUBSTITUTE(SUBSTITUTE(SUBSTITUTE(H107, "Apple",""),"ARM",""),"Google",""),"MediaTek",""),"Qualcomm",""),"Samsung",""),"Snapdragon",""),"Intel",""),"AMD","")) -> A6-3650 | F107: =TRIM(SUBSTITUTE(SUBSTITUTE(SUBSTITUTE(SUBSTITUTE(SUBSTITUTE(SUBSTITUTE(SUBSTITUTE(SUBSTITUTE(SUBSTITUTE(E107, "Core2 Extreme",""),"Core2 Quad",""),"Core2 Duo",""),"Core",""), "Pentium Gold",""),"Pentium",""), "Xeon Platinum",""),"Xeon Gold",""),"Xeon Silver","")) -> A6-3650 | G107: =TRIM(SUBSTITUTE(F107,"Xeon","")) -> A6-3650 | H107: =IFERROR(LEFT(C107, SEARCH(" @", C107) - 1), C107) -> AMD A6-3650 | I107: AMD A6-3650 APU | J107: FM1 | K107: 2.6 GHz | M107: 4 | N107: 4 | O107: 100 W | P107: Q3 2011 | Q107: https://www.cpubenchmark.net/cpu.php?cpu=AMD A6-3650 APU&id=27 | R107: =IF(COUNTIF(cpus!B:B, C107)>0, "found", "Missing") -> found | S107: =IF(COUNTIF(cpus!C:C, G107)>0, "found", "Missing") -> found
